rut,sueldo,prima_pactada,fecha_archivo,primas_pendientes,edad,gastos_adeudados,via_pago,costo_adeudado,deuda_total_acumulada,meses_para_default,semaforo_riesgo
15222981-3,4500000,192000,2026-10-04,1,43,33900,PAC,50900,84800,2,🟡 Advertencia (Próximo a Caducar)
10154091-3,1840000,276000,2026-10-04,1,60,48500,PAC,72700,121200,2,🟡 Advertencia (Próximo a Caducar)
15728623-0,1300000,142000,2026-10-04,0,41,0,DIRECTO,0,0,NA,🟢 Saludable
14557731-2,890000,111000,2026-10-04,2,45,42700,PAT,64000,106700,1,🟡 Advertencia (Próximo a Caducar)
11373428-2,4870000,158000,2026-10-04,1,56,16300,DIRECTO,24500,40800,2,🟡 Advertencia (Próximo a Caducar)
13612216-2,2930000,171000,2026-10-04,0,48,0,PAT,0,0,NA,🟢 Saludable
17251335-4,2920000,249000,2026-10-04,0,36,0,PAC,0,0,NA,🟢 Saludable
16600182-0,3310000,138000,2026-10-04,0,38,0,PAT,0,0,NA,🟢 Saludable
21884885-4,2570000,316000,2026-10-04,1,21,51000,PAT,76500,127500,2,🟡 Advertencia (Próximo a Caducar)
10644932-1,2440000,230000,2026-10-04,0,58,0,PAT,0,0,NA,🟢 Saludable
14611366-7,3840000,169000,2026-10-04,3,45,50700,PAT,76000,126700,0,🔴 Crítico (Caduco - Default)
13648016-6,1350000,113000,2026-10-04,0,48,0,PAC,0,0,NA,🟢 Saludable
17589286-4,2930000,151000,2026-10-04,0,35,0,DIRECTO,0,0,NA,🟢 Saludable
13030638-8,960000,144000,2026-10-04,0,50,0,PAT,0,0,NA,🟢 Saludable
20212178-8,4370000,243000,2026-10-04,0,26,0,PAT,0,0,NA,🟢 Saludable
14505590-1,2020000,303000,2026-10-04,1,45,59500,PAC,89200,148700,2,🟡 Advertencia (Próximo a Caducar)
19479150-9,1030000,150000,2026-10-04,0,29,0,PAC,0,0,NA,🟢 Saludable
13740581-2,840000,126000,2026-10-04,0,48,0,PAC,0,0,NA,🟢 Saludable
18759694-0,860000,129000,2026-10-04,1,31,13200,DIRECTO,19800,33000,2,🟡 Advertencia (Próximo a Caducar)
16489131-5,4320000,270000,2026-10-04,0,39,0,PAT,0,0,NA,🟢 Saludable
20002763-7,880000,109000,2026-10-04,0,27,0,PAT,0,0,NA,🟢 Saludable
10492215-2,1810000,165000,2026-10-04,3,59,49500,PAT,74200,123700,0,🔴 Crítico (Caduco - Default)
19166464-2,1490000,115000,2026-10-04,0,30,0,PREVIRED,0,0,NA,🟢 Saludable
20979167-5,820000,123000,2026-10-04,3,24,36900,PAT,55400,92300,0,🔴 Crítico (Caduco - Default)
14550041-7,1250000,188000,2026-10-04,0,45,0,PAT,0,0,NA,🟢 Saludable
12160000-7,4360000,260000,2026-10-04,2,53,56300,DIRECTO,84500,140800,1,🟡 Advertencia (Próximo a Caducar)
13690056-4,4660000,335000,2026-10-04,2,48,68800,PAT,103200,172000,1,🟡 Advertencia (Próximo a Caducar)
14535528-K,3460000,112000,2026-10-04,0,45,0,PAT,0,0,NA,🟢 Saludable
21186017-2,3910000,142000,2026-10-04,1,23,27100,PAT,40600,67700,2,🟡 Advertencia (Próximo a Caducar)
16136509-0,810000,91000,2026-10-04,2,40,19800,PAC,29700,49500,1,🟡 Advertencia (Próximo a Caducar)
19797486-1,4620000,168000,2026-10-04,0,28,0,PAC,0,0,NA,🟢 Saludable
13080062-5,2440000,185000,2026-10-04,0,50,0,PAC,0,0,NA,🟢 Saludable
11899869-8,2190000,300000,2026-10-04,0,54,0,PAT,0,0,NA,🟢 Saludable
10081691-0,1430000,183000,2026-10-04,2,60,51300,PAC,77000,128300,1,🟡 Advertencia (Próximo a Caducar)
10097311-0,1940000,111000,2026-10-04,0,60,0,PAT,0,0,NA,🟢 Saludable
12268240-0,4610000,295000,2026-10-04,0,53,0,PAC,0,0,NA,🟢 Saludable
19121404-3,2330000,305000,2026-10-04,0,30,0,PAC,0,0,NA,🟢 Saludable
11267779-5,4880000,165000,2026-10-04,2,56,50300,PAC,75400,125700,1,🟡 Advertencia (Próximo a Caducar)
22064555-6,4590000,190000,2026-10-04,0,20,0,PAC,0,0,NA,🟢 Saludable
16766866-1,3140000,148000,2026-10-04,1,38,28500,PAC,42800,71300,2,🟡 Advertencia (Próximo a Caducar)
15285782-2,1240000,186000,2026-10-04,2,43,58500,PAC,87700,146200,1,🟡 Advertencia (Próximo a Caducar)
14333480-4,4320000,270000,2026-10-04,2,46,73000,PAC,109500,182500,1,🟡 Advertencia (Próximo a Caducar)
22166363-3,2820000,152000,2026-10-04,0,20,0,PREVIRED,0,0,NA,🟢 Saludable
12551220-8,4700000,152000,2026-10-04,0,52,0,PAC,0,0,NA,🟢 Saludable
19683275-9,2740000,221000,2026-10-04,0,28,0,PAT,0,0,NA,🟢 Saludable
18730227-0,2170000,326000,2026-10-04,0,31,0,PAC,0,0,NA,🟢 Saludable
11513521-0,2100000,174000,2026-10-04,0,55,0,PAC,0,0,NA,🟢 Saludable
19747844-9,3680000,129000,2026-10-04,2,28,45100,PAC,67700,112800,1,🟡 Advertencia (Próximo a Caducar)
13433377-9,2070000,158000,2026-10-04,0,49,0,DIRECTO,0,0,NA,🟢 Saludable
10091797-0,2490000,298000,2026-10-04,0,60,0,PAC,0,0,NA,🟢 Saludable
16910898-0,2480000,213000,2026-10-04,3,37,95700,PAT,143600,239300,0,🔴 Crítico (Caduco - Default)
12472968-3,1950000,95000,2026-10-04,1,52,13300,PAT,20000,33300,2,🟡 Advertencia (Próximo a Caducar)
10117071-7,2370000,312000,2026-10-04,2,60,123300,PAT,184900,308200,1,🟡 Advertencia (Próximo a Caducar)
12716778-7,3500000,333000,2026-10-04,0,51,0,PAT,0,0,NA,🟢 Saludable
16427669-6,3460000,106000,2026-10-04,3,39,31800,PREVIRED,47700,79500,0,🔴 Crítico (Caduco - Default)
14695627-3,2450000,206000,2026-10-04,3,45,61800,PAC,92700,154500,0,🔴 Crítico (Caduco - Default)
13749617-6,850000,128000,2026-10-04,1,48,24600,PAC,36900,61500,2,🟡 Advertencia (Próximo a Caducar)
13995838-9,4210000,95000,2026-10-04,3,47,45500,PAC,68200,113700,0,🔴 Crítico (Caduco - Default)
13446227-7,4300000,181000,2026-10-04,0,49,0,PAC,0,0,NA,🟢 Saludable
21890872-5,2280000,109000,2026-10-04,1,21,15100,PAC,22700,37800,2,🟡 Advertencia (Próximo a Caducar)
21474623-4,4090000,205000,2026-10-04,0,22,0,PAT,0,0,NA,🟢 Saludable
13086168-3,1450000,203000,2026-10-04,1,50,21300,PREVIRED,31900,53200,2,🟡 Advertencia (Próximo a Caducar)
13976662-5,4260000,277000,2026-10-04,2,47,107800,PAC,161700,269500,1,🟡 Advertencia (Próximo a Caducar)
17913454-7,3710000,339000,2026-10-04,2,34,85700,PREVIRED,128600,214300,1,🟡 Advertencia (Próximo a Caducar)
16734342-8,1250000,188000,2026-10-04,1,38,36100,PAC,54100,90200,2,🟡 Advertencia (Próximo a Caducar)
19079700-8,4200000,161000,2026-10-04,0,30,0,PAT,0,0,NA,🟢 Saludable
14934244-K,3210000,178000,2026-10-04,0,44,0,PAC,0,0,NA,🟢 Saludable
10194678-2,1070000,160000,2026-10-04,3,60,48000,PAC,72000,120000,0,🔴 Crítico (Caduco - Default)
17604773-9,850000,128000,2026-10-04,2,35,33500,PAT,50200,83700,1,🟡 Advertencia (Próximo a Caducar)
10036497-1,1150000,172000,2026-10-04,0,60,0,PREVIRED,0,0,NA,🟢 Saludable
13698681-7,3810000,144000,2026-10-04,1,48,16300,PAC,24500,40800,2,🟡 Advertencia (Próximo a Caducar)
11070120-7,3070000,215000,2026-10-04,0,57,0,PAC,0,0,NA,🟢 Saludable
14525252-9,4450000,170000,2026-10-04,1,45,22900,PAC,34300,57200,2,🟡 Advertencia (Próximo a Caducar)
22088265-5,3110000,191000,2026-10-04,1,20,25300,PAC,37900,63200,2,🟡 Advertencia (Próximo a Caducar)
16461156-8,3310000,288000,2026-10-04,0,39,0,DIRECTO,0,0,NA,🟢 Saludable
16311052-8,1970000,212000,2026-10-04,0,39,0,PAT,0,0,NA,🟢 Saludable
19702079-5,3760000,348000,2026-10-04,0,28,0,DIRECTO,0,0,NA,🟢 Saludable
13104605-8,4710000,184000,2026-10-04,1,50,32100,PAT,48200,80300,2,🟡 Advertencia (Próximo a Caducar)
20962122-2,1470000,220000,2026-10-04,0,24,0,PAT,0,0,NA,🟢 Saludable
20619147-9,1010000,152000,2026-10-04,2,25,44900,PAT,67300,112200,1,🟡 Advertencia (Próximo a Caducar)
13032914-0,1810000,272000,2026-10-04,0,50,0,PAT,0,0,NA,🟢 Saludable
16060628-6,1090000,164000,2026-10-04,1,40,22700,DIRECTO,34100,56800,2,🟡 Advertencia (Próximo a Caducar)
17006680-7,4190000,279000,2026-10-04,2,37,89100,PREVIRED,133700,222800,1,🟡 Advertencia (Próximo a Caducar)
21818373-9,2270000,103000,2026-10-04,0,21,0,PAC,0,0,NA,🟢 Saludable
12855092-9,1910000,134000,2026-10-04,2,51,29100,PAT,43700,72800,1,🟡 Advertencia (Próximo a Caducar)
15790905-K,3180000,185000,2026-10-04,0,41,0,PREVIRED,0,0,NA,🟢 Saludable
10011510-6,4320000,132000,2026-10-04,3,60,39600,PAT,59400,99000,0,🔴 Crítico (Caduco - Default)
17304805-6,1330000,141000,2026-10-04,2,36,55400,PAT,83100,138500,1,🟡 Advertencia (Próximo a Caducar)
18431386-3,2870000,307000,2026-10-04,1,32,38600,PAT,57900,96500,2,🟡 Advertencia (Próximo a Caducar)
21142916-1,4360000,270000,2026-10-04,1,23,33200,PAT,49800,83000,2,🟡 Advertencia (Próximo a Caducar)
15118207-K,1870000,255000,2026-10-04,1,43,45200,PAC,67800,113000,2,🟡 Advertencia (Próximo a Caducar)
17209641-9,2360000,210000,2026-10-04,3,36,93700,PAC,140600,234300,0,🔴 Crítico (Caduco - Default)
18536792-9,1170000,176000,2026-10-04,1,32,29700,PAC,44500,74200,2,🟡 Advertencia (Próximo a Caducar)
12795016-3,1330000,113000,2026-10-04,2,51,41900,PAT,62800,104700,1,🟡 Advertencia (Próximo a Caducar)
10310143-6,990000,148000,2026-10-04,3,59,44400,PAT,66600,111000,0,🔴 Crítico (Caduco - Default)
16986855-1,1460000,219000,2026-10-04,0,37,0,PAC,0,0,NA,🟢 Saludable
15216031-7,2690000,114000,2026-10-04,0,43,0,DIRECTO,0,0,NA,🟢 Saludable
11890764-1,1560000,94000,2026-10-04,0,54,0,PAC,0,0,NA,🟢 Saludable
11547621-2,1250000,188000,2026-10-04,0,55,0,PAT,0,0,NA,🟢 Saludable
11587875-2,3530000,302000,2026-10-04,0,55,0,PREVIRED,0,0,NA,🟢 Saludable
12811246-8,1630000,106000,2026-10-04,0,51,0,PAC,0,0,NA,🟢 Saludable
19406273-6,1420000,104000,2026-10-04,2,29,25500,PREVIRED,38300,63800,1,🟡 Advertencia (Próximo a Caducar)
20376008-8,4590000,258000,2026-10-04,2,26,68100,PAT,102200,170300,1,🟡 Advertencia (Próximo a Caducar)
10703732-3,2920000,340000,2026-10-04,3,58,193700,DIRECTO,290500,484200,0,🔴 Crítico (Caduco - Default)
19088542-K,1330000,114000,2026-10-04,3,30,34200,PAT,51300,85500,0,🔴 Crítico (Caduco - Default)
21203217-0,1220000,160000,2026-10-04,0,23,0,PAC,0,0,NA,🟢 Saludable
16943080-7,2000000,300000,2026-10-04,0,37,0,PAT,0,0,NA,🟢 Saludable
14890571-3,2900000,176000,2026-10-04,0,44,0,PAT,0,0,NA,🟢 Saludable
21178396-8,1370000,206000,2026-10-04,2,23,74600,PAT,111900,186500,1,🟡 Advertencia (Próximo a Caducar)
20863632-9,3160000,118000,2026-10-04,1,24,18400,PAT,27600,46000,2,🟡 Advertencia (Próximo a Caducar)
14595543-0,2190000,314000,2026-10-04,1,45,44300,DIRECTO,66500,110800,2,🟡 Advertencia (Próximo a Caducar)
18538003-8,4570000,99000,2026-10-04,3,32,29700,DIRECTO,44600,74300,0,🔴 Crítico (Caduco - Default)
11661612-8,3540000,225000,2026-10-04,0,55,0,PREVIRED,0,0,NA,🟢 Saludable
21503891-2,2720000,243000,2026-10-04,0,22,0,PAT,0,0,NA,🟢 Saludable
20971026-8,4890000,180000,2026-10-04,0,24,0,PREVIRED,0,0,NA,🟢 Saludable
13329446-5,4100000,106000,2026-10-04,1,49,18300,PREVIRED,27500,45800,2,🟡 Advertencia (Próximo a Caducar)
16643237-6,1410000,212000,2026-10-04,2,38,76100,PAC,114100,190200,1,🟡 Advertencia (Próximo a Caducar)
16718484-2,970000,146000,2026-10-04,0,38,0,PAC,0,0,NA,🟢 Saludable
12848151-K,3420000,214000,2026-10-04,0,51,0,PAT,0,0,NA,🟢 Saludable
21727432-9,3440000,95000,2026-10-04,0,21,0,PAT,0,0,NA,🟢 Saludable
18720722-7,3390000,187000,2026-10-04,0,31,0,PAT,0,0,NA,🟢 Saludable
17507972-1,2850000,151000,2026-10-04,2,35,34900,PAT,52400,87300,1,🟡 Advertencia (Próximo a Caducar)
13016625-K,2060000,309000,2026-10-04,1,50,40500,PAC,60700,101200,2,🟡 Advertencia (Próximo a Caducar)
20520221-9,4620000,273000,2026-10-04,0,25,0,PAC,0,0,NA,🟢 Saludable
17538570-9,3860000,332000,2026-10-04,0,35,0,PAT,0,0,NA,🟢 Saludable
13404136-0,1100000,165000,2026-10-04,1,49,32500,PAC,48800,81300,2,🟡 Advertencia (Próximo a Caducar)
16372428-3,2590000,206000,2026-10-04,0,39,0,PAT,0,0,NA,🟢 Saludable
12725112-5,4070000,280000,2026-10-04,3,51,84000,PAC,126000,210000,0,🔴 Crítico (Caduco - Default)
15804637-8,4570000,189000,2026-10-04,1,41,37300,PAC,55900,93200,2,🟡 Advertencia (Próximo a Caducar)
16745316-9,2230000,237000,2026-10-04,0,38,0,PAC,0,0,NA,🟢 Saludable
10931862-0,4300000,266000,2026-10-04,0,57,0,PAT,0,0,NA,🟢 Saludable
19993557-9,2950000,217000,2026-10-04,2,27,55000,PAT,82500,137500,1,🟡 Advertencia (Próximo a Caducar)
15454905-9,3140000,109000,2026-10-04,2,42,41800,PAT,62700,104500,1,🟡 Advertencia (Próximo a Caducar)
21498171-3,2850000,341000,2026-10-04,1,22,51700,PREVIRED,77600,129300,2,🟡 Advertencia (Próximo a Caducar)
21495996-3,840000,126000,2026-10-04,0,22,0,PAC,0,0,NA,🟢 Saludable
18242242-9,3290000,128000,2026-10-04,1,33,16300,PAT,24500,40800,2,🟡 Advertencia (Próximo a Caducar)
20566232-5,4750000,239000,2026-10-04,2,25,50900,PAT,76400,127300,1,🟡 Advertencia (Próximo a Caducar)
19796866-7,1930000,205000,2026-10-04,0,28,0,PREVIRED,0,0,NA,🟢 Saludable
11058902-4,3850000,222000,2026-10-04,2,57,66200,PAT,99300,165500,1,🟡 Advertencia (Próximo a Caducar)
14340317-2,3380000,142000,2026-10-04,0,46,0,PAC,0,0,NA,🟢 Saludable
12264240-9,2970000,285000,2026-10-04,0,53,0,DIRECTO,0,0,NA,🟢 Saludable
13323942-1,3540000,140000,2026-10-04,0,49,0,PAC,0,0,NA,🟢 Saludable
15500987-7,3320000,158000,2026-10-04,2,42,51300,PAT,76900,128200,1,🟡 Advertencia (Próximo a Caducar)
11920540-8,2510000,186000,2026-10-04,1,54,25700,PREVIRED,38500,64200,2,🟡 Advertencia (Próximo a Caducar)
19010325-1,970000,146000,2026-10-04,1,30,18600,DIRECTO,27900,46500,2,🟡 Advertencia (Próximo a Caducar)
13349413-8,2250000,133000,2026-10-04,2,49,35700,PAT,53600,89300,1,🟡 Advertencia (Próximo a Caducar)
21429300-0,2490000,338000,2026-10-04,2,22,134900,PAC,202400,337300,1,🟡 Advertencia (Próximo a Caducar)
15848372-7,4910000,288000,2026-10-04,3,41,86400,PAC,129600,216000,0,🔴 Crítico (Caduco - Default)
16919702-9,1090000,153000,2026-10-04,0,37,0,DIRECTO,0,0,NA,🟢 Saludable
12706184-9,1320000,198000,2026-10-04,1,51,24700,PAC,37000,61700,2,🟡 Advertencia (Próximo a Caducar)
20649334-3,880000,132000,2026-10-04,0,25,0,PAT,0,0,NA,🟢 Saludable
15810177-8,2460000,259000,2026-10-04,1,41,45600,PAC,68400,114000,2,🟡 Advertencia (Próximo a Caducar)
13689535-8,2090000,128000,2026-10-04,0,48,0,PAT,0,0,NA,🟢 Saludable
10611941-0,3830000,96000,2026-10-04,2,58,34500,PAC,51700,86200,1,🟡 Advertencia (Próximo a Caducar)
19146702-2,4500000,339000,2026-10-04,0,30,0,PAC,0,0,NA,🟢 Saludable
17650862-0,3180000,169000,2026-10-04,1,35,26700,PAT,40000,66700,2,🟡 Advertencia (Próximo a Caducar)
15800520-5,1510000,217000,2026-10-04,2,41,43700,PAC,65600,109300,1,🟡 Advertencia (Próximo a Caducar)
10139453-4,4590000,255000,2026-10-04,2,60,56500,DIRECTO,84800,141300,1,🟡 Advertencia (Próximo a Caducar)
16029193-5,3370000,113000,2026-10-04,2,40,38500,PAC,57700,96200,1,🟡 Advertencia (Próximo a Caducar)
11509804-8,3620000,196000,2026-10-04,0,55,0,PAT,0,0,NA,🟢 Saludable
14576473-2,3200000,272000,2026-10-04,0,45,0,PAC,0,0,NA,🟢 Saludable
15730804-8,4020000,327000,2026-10-04,0,41,0,PAC,0,0,NA,🟢 Saludable
17853002-9,4640000,200000,2026-10-04,2,34,63000,PAT,94500,157500,1,🟡 Advertencia (Próximo a Caducar)
18778153-5,4280000,174000,2026-10-04,0,31,0,PAT,0,0,NA,🟢 Saludable
16483082-0,2800000,129000,2026-10-04,2,39,42300,PAC,63400,105700,1,🟡 Advertencia (Próximo a Caducar)
21745191-3,1080000,162000,2026-10-04,3,21,70900,PAC,106300,177200,0,🔴 Crítico (Caduco - Default)
19927449-1,2120000,246000,2026-10-04,0,27,0,PAT,0,0,NA,🟢 Saludable
15260771-0,2780000,242000,2026-10-04,2,43,53500,DIRECTO,80300,133800,1,🟡 Advertencia (Próximo a Caducar)
18815847-K,1460000,219000,2026-10-04,1,31,33500,PAT,50200,83700,2,🟡 Advertencia (Próximo a Caducar)
11328844-4,3900000,261000,2026-10-04,2,56,67500,PAT,101200,168700,1,🟡 Advertencia (Próximo a Caducar)
13166244-1,970000,146000,2026-10-04,0,50,0,DIRECTO,0,0,NA,🟢 Saludable
19645733-8,4770000,257000,2026-10-04,0,28,0,PREVIRED,0,0,NA,🟢 Saludable
15802010-7,960000,144000,2026-10-04,0,41,0,PAC,0,0,NA,🟢 Saludable
19045252-3,910000,136000,2026-10-04,2,30,31500,PAT,47300,78800,1,🟡 Advertencia (Próximo a Caducar)
13347132-4,1120000,109000,2026-10-04,3,49,65300,PAC,97900,163200,0,🔴 Crítico (Caduco - Default)
21801250-0,1480000,222000,2026-10-04,0,21,0,PAT,0,0,NA,🟢 Saludable
14373563-9,1100000,116000,2026-10-04,0,46,0,PREVIRED,0,0,NA,🟢 Saludable
20245810-3,4320000,259000,2026-10-04,0,26,0,PAC,0,0,NA,🟢 Saludable
18590809-1,4810000,166000,2026-10-04,2,32,59000,DIRECTO,88500,147500,1,🟡 Advertencia (Próximo a Caducar)
21834184-9,4320000,253000,2026-10-04,2,21,53500,PAT,80300,133800,1,🟡 Advertencia (Próximo a Caducar)
12483622-6,1250000,188000,2026-10-04,0,52,0,PAC,0,0,NA,🟢 Saludable
20033165-4,2070000,128000,2026-10-04,1,27,16300,PAT,24400,40700,2,🟡 Advertencia (Próximo a Caducar)
12571901-5,4310000,96000,2026-10-04,0,52,0,PAT,0,0,NA,🟢 Saludable
15792640-K,1020000,131000,2026-10-04,1,41,24100,PAC,36100,60200,2,🟡 Advertencia (Próximo a Caducar)
21160368-4,3420000,284000,2026-10-04,2,23,93800,PREVIRED,140700,234500,1,🟡 Advertencia (Próximo a Caducar)
17349339-4,1490000,153000,2026-10-04,1,36,29300,PAC,43900,73200,2,🟡 Advertencia (Próximo a Caducar)
10087987-4,1230000,184000,2026-10-04,2,60,51100,PAT,76700,127800,1,🟡 Advertencia (Próximo a Caducar)
19492743-5,4700000,154000,2026-10-04,0,29,0,PAT,0,0,NA,🟢 Saludable
12247799-8,2220000,329000,2026-10-04,0,53,0,PAC,0,0,NA,🟢 Saludable
21484852-5,850000,128000,2026-10-04,0,22,0,DIRECTO,0,0,NA,🟢 Saludable
18774408-7,2940000,336000,2026-10-04,0,31,0,PAT,0,0,NA,🟢 Saludable
19077191-2,2370000,298000,2026-10-04,0,30,0,PAC,0,0,NA,🟢 Saludable
13071692-6,3810000,346000,2026-10-04,0,50,0,PAT,0,0,NA,🟢 Saludable
14609599-5,3790000,291000,2026-10-04,1,45,44800,PAT,67200,112000,2,🟡 Advertencia (Próximo a Caducar)
21420697-3,1250000,188000,2026-10-04,1,22,34900,PAC,52400,87300,2,🟡 Advertencia (Próximo a Caducar)
19055668-K,2680000,206000,2026-10-04,2,30,80000,PAT,120000,200000,1,🟡 Advertencia (Próximo a Caducar)
21553401-4,1590000,219000,2026-10-04,0,22,0,PAT,0,0,NA,🟢 Saludable
18133857-8,2830000,149000,2026-10-04,0,33,0,PAC,0,0,NA,🟢 Saludable
12415234-3,2330000,315000,2026-10-04,0,52,0,PAT,0,0,NA,🟢 Saludable
20075416-4,4780000,104000,2026-10-04,3,27,31200,DIRECTO,46800,78000,0,🔴 Crítico (Caduco - Default)
17027343-8,3250000,174000,2026-10-04,0,37,0,PAT,0,0,NA,🟢 Saludable
14839867-6,2280000,114000,2026-10-04,0,44,0,PAC,0,0,NA,🟢 Saludable
14663877-8,4620000,316000,2026-10-04,0,45,0,PAT,0,0,NA,🟢 Saludable
18113797-1,3310000,332000,2026-10-04,3,33,99600,PAT,149400,249000,0,🔴 Crítico (Caduco - Default)
11634726-7,4200000,134000,2026-10-04,2,55,44800,PAT,67200,112000,1,🟡 Advertencia (Próximo a Caducar)
18279061-4,2160000,141000,2026-10-04,0,33,0,PREVIRED,0,0,NA,🟢 Saludable
22111355-2,2080000,148000,2026-10-04,3,20,88300,PAT,132500,220800,0,🔴 Crítico (Caduco - Default)
21502581-0,3710000,132000,2026-10-04,1,22,15000,PREVIRED,22500,37500,2,🟡 Advertencia (Próximo a Caducar)
10913408-2,3030000,181000,2026-10-04,1,57,34900,PREVIRED,52400,87300,2,🟡 Advertencia (Próximo a Caducar)
19683087-K,2260000,161000,2026-10-04,2,28,60100,PREVIRED,90100,150200,1,🟡 Advertencia (Próximo a Caducar)
17847647-4,4720000,275000,2026-10-04,0,34,0,PAT,0,0,NA,🟢 Saludable
13324669-K,3470000,132000,2026-10-04,2,49,49200,PAT,73800,123000,1,🟡 Advertencia (Próximo a Caducar)
11885583-8,3380000,295000,2026-10-04,1,54,51600,DIRECTO,77400,129000,2,🟡 Advertencia (Próximo a Caducar)
17595726-5,2710000,141000,2026-10-04,0,35,0,PAT,0,0,NA,🟢 Saludable
11291464-9,2110000,278000,2026-10-04,2,56,89400,PAT,134100,223500,1,🟡 Advertencia (Próximo a Caducar)
15508993-5,4960000,340000,2026-10-04,0,42,0,PAC,0,0,NA,🟢 Saludable
13495466-8,4030000,242000,2026-10-04,2,49,72300,PAC,108500,180800,1,🟡 Advertencia (Próximo a Caducar)
15799190-2,4810000,148000,2026-10-04,0,41,0,DIRECTO,0,0,NA,🟢 Saludable
12525970-7,1680000,252000,2026-10-04,0,52,0,PAC,0,0,NA,🟢 Saludable
17252710-K,1920000,169000,2026-10-04,1,36,31700,PAC,47500,79200,2,🟡 Advertencia (Próximo a Caducar)
11585576-0,1460000,134000,2026-10-04,1,55,16500,PREVIRED,24700,41200,2,🟡 Advertencia (Próximo a Caducar)
18279471-7,2020000,209000,2026-10-04,0,33,0,PAC,0,0,NA,🟢 Saludable
20068101-9,3090000,331000,2026-10-04,1,27,48400,PAC,72600,121000,2,🟡 Advertencia (Próximo a Caducar)
21883479-9,1130000,170000,2026-10-04,2,21,65900,PAC,98800,164700,1,🟡 Advertencia (Próximo a Caducar)
11380015-3,3830000,217000,2026-10-04,1,56,31900,DIRECTO,47800,79700,2,🟡 Advertencia (Próximo a Caducar)
20222940-6,1390000,177000,2026-10-04,0,26,0,DIRECTO,0,0,NA,🟢 Saludable
21835501-7,3060000,190000,2026-10-04,1,21,32900,PAC,49300,82200,2,🟡 Advertencia (Próximo a Caducar)
21570313-4,900000,135000,2026-10-04,0,22,0,PAT,0,0,NA,🟢 Saludable
14049916-7,2620000,182000,2026-10-04,1,47,29400,PAT,44100,73500,2,🟡 Advertencia (Próximo a Caducar)
16112830-7,3910000,251000,2026-10-04,0,40,0,DIRECTO,0,0,NA,🟢 Saludable
14892258-8,4130000,245000,2026-10-04,0,44,0,PAC,0,0,NA,🟢 Saludable
12461780-K,1500000,186000,2026-10-04,0,52,0,PREVIRED,0,0,NA,🟢 Saludable
14236680-5,1220000,145000,2026-10-04,3,46,43500,PAC,65200,108700,0,🔴 Crítico (Caduco - Default)
21553688-2,2690000,93000,2026-10-04,0,22,0,PREVIRED,0,0,NA,🟢 Saludable
16959080-4,4690000,177000,2026-10-04,0,37,0,PAT,0,0,NA,🟢 Saludable
12597416-3,4840000,327000,2026-10-04,2,52,130200,PAT,195300,325500,1,🟡 Advertencia (Próximo a Caducar)
20293872-5,2680000,207000,2026-10-04,1,26,41100,PAT,61600,102700,2,🟡 Advertencia (Próximo a Caducar)
21818075-6,3920000,199000,2026-10-04,0,21,0,PAC,0,0,NA,🟢 Saludable
12264827-K,3280000,96000,2026-10-04,0,53,0,PAT,0,0,NA,🟢 Saludable
20637506-5,1210000,182000,2026-10-04,2,25,69700,PAC,104500,174200,1,🟡 Advertencia (Próximo a Caducar)
10321983-6,2990000,311000,2026-10-04,0,59,0,PAC,0,0,NA,🟢 Saludable
20954576-3,1640000,149000,2026-10-04,2,24,44100,PAT,66100,110200,1,🟡 Advertencia (Próximo a Caducar)
14985042-9,4090000,223000,2026-10-04,1,44,30500,PREVIRED,45700,76200,2,🟡 Advertencia (Próximo a Caducar)
22019732-4,930000,140000,2026-10-04,2,20,43700,PREVIRED,65600,109300,1,🟡 Advertencia (Próximo a Caducar)
19445073-6,3330000,314000,2026-10-04,0,29,0,PAT,0,0,NA,🟢 Saludable
10199918-5,1270000,190000,2026-10-04,0,60,0,PAT,0,0,NA,🟢 Saludable
12463336-8,1090000,164000,2026-10-04,1,52,30100,PAC,45100,75200,2,🟡 Advertencia (Próximo a Caducar)
22047953-2,4710000,332000,2026-10-04,2,20,112200,PAC,168300,280500,1,🟡 Advertencia (Próximo a Caducar)
12275598-K,2620000,117000,2026-10-04,3,53,59500,PAT,89200,148700,0,🔴 Crítico (Caduco - Default)
16622370-K,3640000,136000,2026-10-04,0,38,0,PAC,0,0,NA,🟢 Saludable
16442722-8,2960000,229000,2026-10-04,1,39,41200,PAT,61800,103000,2,🟡 Advertencia (Próximo a Caducar)
11887005-5,1150000,172000,2026-10-04,1,54,33500,PREVIRED,50200,83700,2,🟡 Advertencia (Próximo a Caducar)
21704681-4,1550000,232000,2026-10-04,0,21,0,PAC,0,0,NA,🟢 Saludable
14503036-4,3860000,196000,2026-10-04,2,45,61700,PAT,92500,154200,1,🟡 Advertencia (Próximo a Caducar)
13199762-1,4310000,180000,2026-10-04,2,50,69200,PAT,103800,173000,1,🟡 Advertencia (Próximo a Caducar)
17060739-5,4030000,178000,2026-10-04,0,37,0,PREVIRED,0,0,NA,🟢 Saludable
12840830-8,1330000,186000,2026-10-04,0,51,0,PAC,0,0,NA,🟢 Saludable
17854614-6,1370000,134000,2026-10-04,0,34,0,PAC,0,0,NA,🟢 Saludable
16014554-8,1470000,169000,2026-10-04,2,40,67000,PREVIRED,100500,167500,1,🟡 Advertencia (Próximo a Caducar)
17296272-8,2650000,276000,2026-10-04,0,36,0,PAT,0,0,NA,🟢 Saludable
18840140-4,3830000,93000,2026-10-04,2,31,30900,PAC,46300,77200,1,🟡 Advertencia (Próximo a Caducar)
22165019-1,3080000,261000,2026-10-04,0,20,0,PREVIRED,0,0,NA,🟢 Saludable
21156265-1,4130000,150000,2026-10-04,2,23,57500,PAT,86300,143800,1,🟡 Advertencia (Próximo a Caducar)
21746819-0,3460000,342000,2026-10-04,0,21,0,DIRECTO,0,0,NA,🟢 Saludable
10717801-6,4290000,121000,2026-10-04,1,58,16300,PAT,24400,40700,2,🟡 Advertencia (Próximo a Caducar)
11910284-6,4110000,94000,2026-10-04,0,54,0,PAC,0,0,NA,🟢 Saludable
16641163-8,4720000,157000,2026-10-04,0,38,0,PAT,0,0,NA,🟢 Saludable
15564219-7,3760000,344000,2026-10-04,0,42,0,PAT,0,0,NA,🟢 Saludable
19669312-0,3000000,133000,2026-10-04,2,28,34700,PAC,52000,86700,1,🟡 Advertencia (Próximo a Caducar)
12512671-5,2980000,161000,2026-10-04,0,52,0,PAT,0,0,NA,🟢 Saludable
21783283-6,870000,130000,2026-10-04,2,21,27600,PAT,41400,69000,1,🟡 Advertencia (Próximo a Caducar)
20536107-4,4980000,316000,2026-10-04,2,25,100100,PAT,150200,250300,1,🟡 Advertencia (Próximo a Caducar)
12522960-3,1220000,183000,2026-10-04,0,52,0,DIRECTO,0,0,NA,🟢 Saludable
16933383-6,2780000,236000,2026-10-04,0,37,0,PAT,0,0,NA,🟢 Saludable
12254188-2,4070000,155000,2026-10-04,1,53,30700,PAT,46100,76800,2,🟡 Advertencia (Próximo a Caducar)
14511491-6,970000,146000,2026-10-04,0,45,0,PREVIRED,0,0,NA,🟢 Saludable
19665795-7,1510000,148000,2026-10-04,0,28,0,PAT,0,0,NA,🟢 Saludable
19462042-9,1530000,230000,2026-10-04,0,29,0,PREVIRED,0,0,NA,🟢 Saludable
15544569-3,1830000,177000,2026-10-04,3,42,54600,PAC,81900,136500,0,🔴 Crítico (Caduco - Default)
17945056-2,2280000,323000,2026-10-04,1,34,46900,PAC,70300,117200,2,🟡 Advertencia (Próximo a Caducar)
19660204-4,3170000,238000,2026-10-04,0,28,0,PAC,0,0,NA,🟢 Saludable
14677813-8,4190000,156000,2026-10-04,0,45,0,PAT,0,0,NA,🟢 Saludable
11261827-6,4770000,228000,2026-10-04,0,56,0,PAC,0,0,NA,🟢 Saludable
13462910-4,1120000,168000,2026-10-04,1,49,24500,PAC,36800,61300,2,🟡 Advertencia (Próximo a Caducar)
17386827-4,800000,120000,2026-10-04,0,36,0,PAC,0,0,NA,🟢 Saludable
20006734-5,1160000,108000,2026-10-04,0,27,0,PAC,0,0,NA,🟢 Saludable
19085797-3,3190000,261000,2026-10-04,0,30,0,PREVIRED,0,0,NA,🟢 Saludable
20938369-0,2430000,140000,2026-10-04,0,24,0,DIRECTO,0,0,NA,🟢 Saludable
10652076-K,1590000,157000,2026-10-04,1,58,24700,PAC,37000,61700,2,🟡 Advertencia (Próximo a Caducar)
18160811-7,3870000,274000,2026-10-04,0,33,0,PREVIRED,0,0,NA,🟢 Saludable
21159218-6,2200000,103000,2026-10-04,3,23,42900,PAT,64400,107300,0,🔴 Crítico (Caduco - Default)
13070054-K,4050000,253000,2026-10-04,2,50,87000,PAT,130500,217500,1,🟡 Advertencia (Próximo a Caducar)
16091458-4,1070000,160000,2026-10-04,3,40,72700,PAT,109000,181700,0,🔴 Crítico (Caduco - Default)
16725575-8,2350000,195000,2026-10-04,0,38,0,PREVIRED,0,0,NA,🟢 Saludable
14202731-8,2380000,274000,2026-10-04,3,46,141900,PAC,212900,354800,0,🔴 Crítico (Caduco - Default)
19163971-0,1580000,207000,2026-10-04,0,30,0,DIRECTO,0,0,NA,🟢 Saludable
14601709-9,3670000,230000,2026-10-04,0,45,0,PREVIRED,0,0,NA,🟢 Saludable
14588984-5,4940000,240000,2026-10-04,2,45,54300,PAC,81400,135700,1,🟡 Advertencia (Próximo a Caducar)
15810225-1,3500000,341000,2026-10-04,0,41,0,PAT,0,0,NA,🟢 Saludable
14824657-4,3640000,301000,2026-10-04,0,44,0,PAT,0,0,NA,🟢 Saludable
17236760-9,2970000,232000,2026-10-04,3,36,69600,PAT,104400,174000,0,🔴 Crítico (Caduco - Default)
19693215-K,3060000,99000,2026-10-04,3,28,29700,PAT,44600,74300,0,🔴 Crítico (Caduco - Default)
20980837-3,3430000,336000,2026-10-04,0,24,0,PREVIRED,0,0,NA,🟢 Saludable
12720368-6,3820000,243000,2026-10-04,0,51,0,PAC,0,0,NA,🟢 Saludable
13097392-9,2640000,259000,2026-10-04,0,50,0,PAT,0,0,NA,🟢 Saludable
10757673-9,1750000,105000,2026-10-04,3,58,37900,PAC,56800,94700,0,🔴 Crítico (Caduco - Default)
16184022-8,4820000,260000,2026-10-04,1,40,31500,PAC,47300,78800,2,🟡 Advertencia (Próximo a Caducar)
20254710-6,3270000,328000,2026-10-04,1,26,55100,PAT,82600,137700,2,🟡 Advertencia (Próximo a Caducar)
14694919-6,2180000,253000,2026-10-04,1,45,44700,PAT,67000,111700,2,🟡 Advertencia (Próximo a Caducar)
11862670-7,3660000,299000,2026-10-04,0,54,0,PAT,0,0,NA,🟢 Saludable
20602826-8,1280000,192000,2026-10-04,2,25,46700,PREVIRED,70000,116700,1,🟡 Advertencia (Próximo a Caducar)
11567073-6,1790000,188000,2026-10-04,0,55,0,PREVIRED,0,0,NA,🟢 Saludable
19073169-4,4080000,158000,2026-10-04,2,30,35700,PAT,53500,89200,1,🟡 Advertencia (Próximo a Caducar)
20039145-2,2470000,319000,2026-10-04,0,27,0,PAT,0,0,NA,🟢 Saludable
11669534-6,2580000,97000,2026-10-04,0,55,0,PAT,0,0,NA,🟢 Saludable
17327740-3,3800000,172000,2026-10-04,3,36,51600,PREVIRED,77400,129000,0,🔴 Crítico (Caduco - Default)
17839539-3,3510000,172000,2026-10-04,2,34,55800,PAT,83700,139500,1,🟡 Advertencia (Próximo a Caducar)
10689026-5,1050000,93000,2026-10-04,0,58,0,PAT,0,0,NA,🟢 Saludable
18714803-4,3140000,200000,2026-10-04,0,31,0,PAT,0,0,NA,🟢 Saludable
11626103-6,4470000,109000,2026-10-04,1,55,14800,PAT,22200,37000,2,🟡 Advertencia (Próximo a Caducar)
18549775-K,3660000,105000,2026-10-04,0,32,0,PAT,0,0,NA,🟢 Saludable
19417126-8,2580000,210000,2026-10-04,2,29,80300,PAC,120500,200800,1,🟡 Advertencia (Próximo a Caducar)
16070323-0,2920000,262000,2026-10-04,3,40,150400,PAC,225600,376000,0,🔴 Crítico (Caduco - Default)
20518210-2,1970000,136000,2026-10-04,2,25,34300,DIRECTO,51400,85700,1,🟡 Advertencia (Próximo a Caducar)
16122776-3,2320000,105000,2026-10-04,2,40,21900,PAT,32800,54700,1,🟡 Advertencia (Próximo a Caducar)
10989150-9,1730000,245000,2026-10-04,2,57,57900,PAT,86900,144800,1,🟡 Advertencia (Próximo a Caducar)
14033665-9,4210000,189000,2026-10-04,1,47,22900,PAC,34400,57300,2,🟡 Advertencia (Próximo a Caducar)
10324259-5,4760000,340000,2026-10-04,1,59,51100,PAT,76600,127700,2,🟡 Advertencia (Próximo a Caducar)
19031220-9,3720000,113000,2026-10-04,3,30,33900,DIRECTO,50800,84700,0,🔴 Crítico (Caduco - Default)
14012073-7,2300000,187000,2026-10-04,2,47,49700,PAT,74500,124200,1,🟡 Advertencia (Próximo a Caducar)
15774588-K,3290000,342000,2026-10-04,1,41,54000,DIRECTO,81000,135000,2,🟡 Advertencia (Próximo a Caducar)
14606708-8,2970000,226000,2026-10-04,0,45,0,PAT,0,0,NA,🟢 Saludable
13939268-7,2440000,96000,2026-10-04,1,47,10500,PAT,15800,26300,2,🟡 Advertencia (Próximo a Caducar)
10414732-9,1950000,292000,2026-10-04,3,59,105400,PAT,158100,263500,0,🔴 Crítico (Caduco - Default)
10105718-K,3990000,97000,2026-10-04,0,60,0,PAC,0,0,NA,🟢 Saludable
11686112-2,1550000,232000,2026-10-04,2,55,52400,PAT,78600,131000,1,🟡 Advertencia (Próximo a Caducar)
18508699-7,2570000,238000,2026-10-04,2,32,62800,PAT,94200,157000,1,🟡 Advertencia (Próximo a Caducar)
15716378-3,3820000,92000,2026-10-04,3,41,30500,PREVIRED,45800,76300,0,🔴 Crítico (Caduco - Default)
19339484-6,2770000,181000,2026-10-04,2,29,45300,PREVIRED,68000,113300,1,🟡 Advertencia (Próximo a Caducar)
13985698-5,2780000,297000,2026-10-04,1,47,30100,PAC,45200,75300,2,🟡 Advertencia (Próximo a Caducar)
21804410-0,1130000,170000,2026-10-04,0,21,0,PAC,0,0,NA,🟢 Saludable
13666989-7,3210000,147000,2026-10-04,2,48,43400,DIRECTO,65100,108500,1,🟡 Advertencia (Próximo a Caducar)
17328094-3,4700000,91000,2026-10-04,3,36,37900,PAT,56900,94800,0,🔴 Crítico (Caduco - Default)
18878805-8,1850000,218000,2026-10-04,1,31,40700,PAT,61100,101800,2,🟡 Advertencia (Próximo a Caducar)
12251373-0,3690000,102000,2026-10-04,3,53,30600,PAT,45900,76500,0,🔴 Crítico (Caduco - Default)
12478353-K,4320000,96000,2026-10-04,0,52,0,PAC,0,0,NA,🟢 Saludable
12587704-4,2220000,171000,2026-10-04,1,52,31700,PAC,47500,79200,2,🟡 Advertencia (Próximo a Caducar)
18757659-1,3740000,154000,2026-10-04,0,31,0,PAT,0,0,NA,🟢 Saludable
14032848-6,2190000,198000,2026-10-04,2,47,40400,PAC,60600,101000,1,🟡 Advertencia (Próximo a Caducar)
10710081-5,3580000,322000,2026-10-04,2,58,84500,PREVIRED,126700,211200,1,🟡 Advertencia (Próximo a Caducar)
14640641-9,2960000,161000,2026-10-04,1,45,31800,PAC,47700,79500,2,🟡 Advertencia (Próximo a Caducar)
21777509-3,3620000,289000,2026-10-04,2,21,74200,PAC,111300,185500,1,🟡 Advertencia (Próximo a Caducar)
10078142-4,2720000,266000,2026-10-04,2,60,71900,PAT,107800,179700,1,🟡 Advertencia (Próximo a Caducar)
10638366-5,4530000,129000,2026-10-04,0,58,0,DIRECTO,0,0,NA,🟢 Saludable
19659708-3,3550000,293000,2026-10-04,2,28,108500,PAC,162700,271200,1,🟡 Advertencia (Próximo a Caducar)
16704453-6,4100000,238000,2026-10-04,2,38,93300,PAC,140000,233300,1,🟡 Advertencia (Próximo a Caducar)
11923022-4,1420000,213000,2026-10-04,2,54,67400,DIRECTO,101100,168500,1,🟡 Advertencia (Próximo a Caducar)
20697050-8,2080000,181000,2026-10-04,0,25,0,PAT,0,0,NA,🟢 Saludable
15738084-9,4300000,328000,2026-10-04,2,41,117300,PAC,175900,293200,1,🟡 Advertencia (Próximo a Caducar)
16615999-8,3530000,103000,2026-10-04,2,38,28400,PAC,42600,71000,1,🟡 Advertencia (Próximo a Caducar)
13956690-1,3350000,137000,2026-10-04,0,47,0,PAT,0,0,NA,🟢 Saludable
11206707-5,2960000,152000,2026-10-04,0,56,0,PAC,0,0,NA,🟢 Saludable
16159431-6,4670000,190000,2026-10-04,2,40,49900,PAC,74800,124700,1,🟡 Advertencia (Próximo a Caducar)
19720113-7,4840000,327000,2026-10-04,0,28,0,DIRECTO,0,0,NA,🟢 Saludable
12491642-4,3790000,165000,2026-10-04,1,52,21100,PAT,31700,52800,2,🟡 Advertencia (Próximo a Caducar)
19782171-2,1200000,171000,2026-10-04,0,28,0,PAT,0,0,NA,🟢 Saludable
12579766-0,3200000,347000,2026-10-04,0,52,0,PAT,0,0,NA,🟢 Saludable
11500530-9,3340000,121000,2026-10-04,0,55,0,PAT,0,0,NA,🟢 Saludable
17892578-3,1690000,219000,2026-10-04,0,34,0,PREVIRED,0,0,NA,🟢 Saludable
20234674-7,1690000,254000,2026-10-04,0,26,0,PREVIRED,0,0,NA,🟢 Saludable
15223109-5,1720000,218000,2026-10-04,2,43,47500,PAT,71200,118700,1,🟡 Advertencia (Próximo a Caducar)
17302931-0,970000,146000,2026-10-04,0,36,0,PAT,0,0,NA,🟢 Saludable
17942781-1,4820000,134000,2026-10-04,1,34,19500,PREVIRED,29200,48700,2,🟡 Advertencia (Próximo a Caducar)
19668833-K,2130000,146000,2026-10-04,0,28,0,PAT,0,0,NA,🟢 Saludable
14280158-7,2360000,208000,2026-10-04,2,46,52700,PAT,79100,131800,1,🟡 Advertencia (Próximo a Caducar)
17399209-9,1460000,219000,2026-10-04,1,36,36100,PAC,54200,90300,2,🟡 Advertencia (Próximo a Caducar)
21704785-3,3950000,141000,2026-10-04,0,21,0,PAT,0,0,NA,🟢 Saludable
13035957-0,2990000,91000,2026-10-04,1,50,9100,PAT,13700,22800,2,🟡 Advertencia (Próximo a Caducar)
12734830-7,4620000,103000,2026-10-04,3,51,30900,PAT,46400,77300,0,🔴 Crítico (Caduco - Default)
11275626-1,3540000,284000,2026-10-04,1,56,54700,PAC,82000,136700,2,🟡 Advertencia (Próximo a Caducar)
10706507-6,3120000,190000,2026-10-04,0,58,0,PAC,0,0,NA,🟢 Saludable
21583736-K,3070000,137000,2026-10-04,1,22,23500,PREVIRED,35300,58800,2,🟡 Advertencia (Próximo a Caducar)
19675433-2,3410000,254000,2026-10-04,1,28,40700,DIRECTO,61000,101700,2,🟡 Advertencia (Próximo a Caducar)
19345553-5,2890000,290000,2026-10-04,2,29,94600,PAC,141900,236500,1,🟡 Advertencia (Próximo a Caducar)
10677346-3,3250000,185000,2026-10-04,0,58,0,PAC,0,0,NA,🟢 Saludable
19626712-1,3970000,338000,2026-10-04,0,28,0,PAC,0,0,NA,🟢 Saludable
13304092-7,2120000,151000,2026-10-04,1,49,25100,PREVIRED,37700,62800,2,🟡 Advertencia (Próximo a Caducar)
17278512-5,2120000,280000,2026-10-04,0,36,0,PAT,0,0,NA,🟢 Saludable
14927907-1,3480000,165000,2026-10-04,0,44,0,PAC,0,0,NA,🟢 Saludable
14585696-3,810000,122000,2026-10-04,1,45,14900,DIRECTO,22300,37200,2,🟡 Advertencia (Próximo a Caducar)
14389478-8,4860000,138000,2026-10-04,0,46,0,PAT,0,0,NA,🟢 Saludable
15277783-7,4450000,109000,2026-10-04,2,43,27500,PAT,41200,68700,1,🟡 Advertencia (Próximo a Caducar)
15260243-3,3900000,265000,2026-10-04,1,43,42800,PREVIRED,64200,107000,2,🟡 Advertencia (Próximo a Caducar)
11965655-8,2710000,106000,2026-10-04,0,54,0,PAT,0,0,NA,🟢 Saludable
16715817-5,1560000,198000,2026-10-04,0,38,0,PAC,0,0,NA,🟢 Saludable
20508601-4,4030000,207000,2026-10-04,3,25,62100,PREVIRED,93200,155300,0,🔴 Crítico (Caduco - Default)
19354460-0,3410000,218000,2026-10-04,1,29,37300,PREVIRED,55900,93200,2,🟡 Advertencia (Próximo a Caducar)
17299316-K,3760000,122000,2026-10-04,3,36,36600,PAC,54900,91500,0,🔴 Crítico (Caduco - Default)
13332251-5,4100000,135000,2026-10-04,1,49,15300,PAT,23000,38300,2,🟡 Advertencia (Próximo a Caducar)
12274008-7,2660000,175000,2026-10-04,3,53,52500,PAC,78800,131300,0,🔴 Crítico (Caduco - Default)
21456529-9,2940000,326000,2026-10-04,0,22,0,PAT,0,0,NA,🟢 Saludable
16408868-7,3940000,118000,2026-10-04,3,39,52300,DIRECTO,78500,130800,0,🔴 Crítico (Caduco - Default)
14047581-0,1960000,151000,2026-10-04,0,47,0,PAT,0,0,NA,🟢 Saludable
12205185-0,1220000,183000,2026-10-04,1,53,25500,PAT,38200,63700,2,🟡 Advertencia (Próximo a Caducar)
17281887-2,3390000,91000,2026-10-04,2,36,25600,PAC,38400,64000,1,🟡 Advertencia (Próximo a Caducar)
18206023-3,3680000,165000,2026-10-04,0,33,0,PAC,0,0,NA,🟢 Saludable
14671894-1,2050000,193000,2026-10-04,2,45,57500,DIRECTO,86300,143800,1,🟡 Advertencia (Próximo a Caducar)
16609103-K,4570000,241000,2026-10-04,1,38,32300,PAT,48500,80800,2,🟡 Advertencia (Próximo a Caducar)
15854752-0,1900000,285000,2026-10-04,2,41,84900,PAT,127400,212300,1,🟡 Advertencia (Próximo a Caducar)
19611530-5,4740000,238000,2026-10-04,1,28,43200,PAT,64800,108000,2,🟡 Advertencia (Próximo a Caducar)
18829303-2,4610000,248000,2026-10-04,0,31,0,PAT,0,0,NA,🟢 Saludable
13054558-7,2140000,233000,2026-10-04,1,50,33700,PAC,50500,84200,2,🟡 Advertencia (Próximo a Caducar)
17357849-7,4240000,92000,2026-10-04,0,36,0,PAT,0,0,NA,🟢 Saludable
21516438-1,2420000,126000,2026-10-04,0,22,0,PAT,0,0,NA,🟢 Saludable
21428768-K,4060000,282000,2026-10-04,1,22,43600,PREVIRED,65400,109000,2,🟡 Advertencia (Próximo a Caducar)
20890267-3,4400000,238000,2026-10-04,2,24,60900,PREVIRED,91300,152200,1,🟡 Advertencia (Próximo a Caducar)
18778521-2,1560000,150000,2026-10-04,0,31,0,PAC,0,0,NA,🟢 Saludable
10709323-1,2030000,283000,2026-10-04,0,58,0,PAT,0,0,NA,🟢 Saludable
12856260-9,4480000,294000,2026-10-04,1,51,38300,PAC,57400,95700,2,🟡 Advertencia (Próximo a Caducar)
21205047-0,3770000,137000,2026-10-04,0,23,0,PAT,0,0,NA,🟢 Saludable
18222398-1,3570000,345000,2026-10-04,0,33,0,PAT,0,0,NA,🟢 Saludable
14388086-8,2510000,349000,2026-10-04,0,46,0,PAT,0,0,NA,🟢 Saludable
12137747-2,2200000,281000,2026-10-04,0,53,0,PAT,0,0,NA,🟢 Saludable
20898435-1,1840000,196000,2026-10-04,0,24,0,PAT,0,0,NA,🟢 Saludable
17948019-4,4660000,227000,2026-10-04,1,34,24800,PREVIRED,37200,62000,2,🟡 Advertencia (Próximo a Caducar)
12898232-2,3000000,183000,2026-10-04,0,51,0,PAT,0,0,NA,🟢 Saludable
11884191-8,4270000,97000,2026-10-04,2,54,23300,PAC,35000,58300,1,🟡 Advertencia (Próximo a Caducar)
11504248-4,2650000,147000,2026-10-04,0,55,0,PAT,0,0,NA,🟢 Saludable
17536226-1,4230000,274000,2026-10-04,2,35,74500,PAC,111700,186200,1,🟡 Advertencia (Próximo a Caducar)
17558209-1,2220000,326000,2026-10-04,0,35,0,DIRECTO,0,0,NA,🟢 Saludable
12803406-8,1480000,98000,2026-10-04,1,51,19300,PAT,28900,48200,2,🟡 Advertencia (Próximo a Caducar)
13108143-0,1970000,296000,2026-10-04,3,50,102000,PAC,153000,255000,0,🔴 Crítico (Caduco - Default)
16188050-5,1240000,186000,2026-10-04,3,40,55800,DIRECTO,83700,139500,0,🔴 Crítico (Caduco - Default)
17815724-7,3990000,157000,2026-10-04,1,34,23600,PREVIRED,35400,59000,2,🟡 Advertencia (Próximo a Caducar)
14621946-5,2830000,185000,2026-10-04,1,45,28400,PREVIRED,42600,71000,2,🟡 Advertencia (Próximo a Caducar)
10111585-6,4840000,146000,2026-10-04,0,60,0,PAC,0,0,NA,🟢 Saludable
15732400-0,2030000,250000,2026-10-04,0,41,0,DIRECTO,0,0,NA,🟢 Saludable
18218538-9,2260000,170000,2026-10-04,0,33,0,PAT,0,0,NA,🟢 Saludable
10023666-3,1730000,151000,2026-10-04,0,60,0,PAC,0,0,NA,🟢 Saludable
20231798-4,1300000,113000,2026-10-04,2,26,24500,PAT,36700,61200,1,🟡 Advertencia (Próximo a Caducar)
19066244-7,910000,136000,2026-10-04,0,30,0,PAC,0,0,NA,🟢 Saludable
19320946-1,1570000,236000,2026-10-04,0,29,0,PREVIRED,0,0,NA,🟢 Saludable
11903303-8,4880000,113000,2026-10-04,2,54,31100,PAC,46600,77700,1,🟡 Advertencia (Próximo a Caducar)
13369443-9,3230000,149000,2026-10-04,1,49,26000,PAC,39000,65000,2,🟡 Advertencia (Próximo a Caducar)
20964534-2,3730000,261000,2026-10-04,0,24,0,PAC,0,0,NA,🟢 Saludable
17300179-3,2930000,108000,2026-10-04,1,36,11600,PAT,17400,29000,2,🟡 Advertencia (Próximo a Caducar)
16336096-6,1870000,143000,2026-10-04,0,39,0,PAC,0,0,NA,🟢 Saludable
18226422-K,1390000,116000,2026-10-04,3,33,34800,PAT,52200,87000,0,🔴 Crítico (Caduco - Default)
18864463-3,4770000,296000,2026-10-04,0,31,0,PAT,0,0,NA,🟢 Saludable
16320985-0,3280000,182000,2026-10-04,0,39,0,PAC,0,0,NA,🟢 Saludable
21206444-7,2560000,144000,2026-10-04,1,23,27900,PAC,41800,69700,2,🟡 Advertencia (Próximo a Caducar)
19096719-1,2730000,109000,2026-10-04,1,30,20900,PAT,31400,52300,2,🟡 Advertencia (Próximo a Caducar)
21861494-2,3130000,318000,2026-10-04,0,21,0,PAT,0,0,NA,🟢 Saludable
10736976-8,3420000,250000,2026-10-04,0,58,0,PAC,0,0,NA,🟢 Saludable
13023782-3,3590000,107000,2026-10-04,1,50,19200,PREVIRED,28800,48000,2,🟡 Advertencia (Próximo a Caducar)
19303930-2,2710000,146000,2026-10-04,2,29,43800,DIRECTO,65700,109500,1,🟡 Advertencia (Próximo a Caducar)
13321382-1,3470000,103000,2026-10-04,3,49,41700,PAC,62600,104300,0,🔴 Crítico (Caduco - Default)
14319309-7,1100000,165000,2026-10-04,0,46,0,PAT,0,0,NA,🟢 Saludable
11631079-7,3860000,346000,2026-10-04,0,55,0,PAT,0,0,NA,🟢 Saludable
10446456-1,4650000,303000,2026-10-04,0,59,0,PAC,0,0,NA,🟢 Saludable
18407284-K,3290000,274000,2026-10-04,2,32,92100,PAC,138200,230300,1,🟡 Advertencia (Próximo a Caducar)
13436583-2,4640000,239000,2026-10-04,1,49,41900,PAT,62900,104800,2,🟡 Advertencia (Próximo a Caducar)
12228725-0,2940000,331000,2026-10-04,0,53,0,PAC,0,0,NA,🟢 Saludable
21450020-0,2970000,253000,2026-10-04,2,22,85500,PREVIRED,128200,213700,1,🟡 Advertencia (Próximo a Caducar)
16403543-5,1950000,241000,2026-10-04,0,39,0,PAT,0,0,NA,🟢 Saludable
19441065-3,4750000,243000,2026-10-04,0,29,0,PREVIRED,0,0,NA,🟢 Saludable
14545641-8,960000,110000,2026-10-04,0,45,0,PAC,0,0,NA,🟢 Saludable
21215303-2,4250000,189000,2026-10-04,0,23,0,PAT,0,0,NA,🟢 Saludable
18540727-0,1960000,294000,2026-10-04,0,32,0,PAC,0,0,NA,🟢 Saludable
18409019-8,1470000,180000,2026-10-04,0,32,0,PAT,0,0,NA,🟢 Saludable
10087550-K,3750000,242000,2026-10-04,1,60,30600,PREVIRED,45900,76500,2,🟡 Advertencia (Próximo a Caducar)
12260631-3,4160000,252000,2026-10-04,0,53,0,PAT,0,0,NA,🟢 Saludable
21160262-9,3930000,343000,2026-10-04,2,23,72100,PAC,108200,180300,1,🟡 Advertencia (Próximo a Caducar)
18154209-4,1360000,158000,2026-10-04,0,33,0,PAT,0,0,NA,🟢 Saludable
12402322-5,3350000,120000,2026-10-04,0,52,0,PAC,0,0,NA,🟢 Saludable
11859675-1,2350000,182000,2026-10-04,0,54,0,PAT,0,0,NA,🟢 Saludable
11238102-0,1670000,118000,2026-10-04,2,56,31200,PAC,46800,78000,1,🟡 Advertencia (Próximo a Caducar)
11263336-4,3680000,177000,2026-10-04,2,56,35700,PAT,53600,89300,1,🟡 Advertencia (Próximo a Caducar)
12756542-1,4460000,207000,2026-10-04,0,51,0,PREVIRED,0,0,NA,🟢 Saludable
15164425-1,4620000,197000,2026-10-04,1,43,21300,PAT,32000,53300,2,🟡 Advertencia (Próximo a Caducar)
18214669-3,4750000,189000,2026-10-04,0,33,0,PAC,0,0,NA,🟢 Saludable
11932855-0,1730000,117000,2026-10-04,0,54,0,PAC,0,0,NA,🟢 Saludable
21784754-K,1880000,125000,2026-10-04,0,21,0,PAT,0,0,NA,🟢 Saludable
14987316-K,3290000,241000,2026-10-04,0,44,0,PAC,0,0,NA,🟢 Saludable
13043314-2,4680000,123000,2026-10-04,0,50,0,PAT,0,0,NA,🟢 Saludable
17285395-3,4510000,285000,2026-10-04,0,36,0,PREVIRED,0,0,NA,🟢 Saludable
11675745-7,3760000,303000,2026-10-04,2,55,117500,PAT,176200,293700,1,🟡 Advertencia (Próximo a Caducar)
12448024-3,2960000,303000,2026-10-04,0,52,0,PAC,0,0,NA,🟢 Saludable
20860980-1,880000,132000,2026-10-04,0,24,0,PREVIRED,0,0,NA,🟢 Saludable
17052859-2,950000,100000,2026-10-04,0,37,0,PAT,0,0,NA,🟢 Saludable
12105235-2,3080000,198000,2026-10-04,0,53,0,PAT,0,0,NA,🟢 Saludable
10472452-0,4260000,137000,2026-10-04,2,59,53800,PREVIRED,80700,134500,1,🟡 Advertencia (Próximo a Caducar)
16651187-K,1060000,159000,2026-10-04,0,38,0,DIRECTO,0,0,NA,🟢 Saludable
17029037-5,3880000,326000,2026-10-04,2,37,82500,PAC,123800,206300,1,🟡 Advertencia (Próximo a Caducar)
13761155-2,2860000,253000,2026-10-04,0,48,0,PREVIRED,0,0,NA,🟢 Saludable
16788534-4,4270000,343000,2026-10-04,0,38,0,PAT,0,0,NA,🟢 Saludable
11560669-8,2040000,114000,2026-10-04,0,55,0,PAT,0,0,NA,🟢 Saludable
15431821-9,2810000,157000,2026-10-04,2,42,53200,PAC,79800,133000,1,🟡 Advertencia (Próximo a Caducar)
10112652-1,1650000,248000,2026-10-04,0,60,0,PAC,0,0,NA,🟢 Saludable
16679873-7,4530000,224000,2026-10-04,0,38,0,PAT,0,0,NA,🟢 Saludable
14615615-3,4410000,172000,2026-10-04,0,45,0,DIRECTO,0,0,NA,🟢 Saludable
20634160-8,3180000,147000,2026-10-04,1,25,25200,PAC,37800,63000,2,🟡 Advertencia (Próximo a Caducar)
15867102-7,3160000,181000,2026-10-04,0,41,0,PAC,0,0,NA,🟢 Saludable
19119100-0,2980000,94000,2026-10-04,0,30,0,PAT,0,0,NA,🟢 Saludable
14664986-9,830000,124000,2026-10-04,1,45,19100,PREVIRED,28600,47700,2,🟡 Advertencia (Próximo a Caducar)
20874364-8,2760000,276000,2026-10-04,1,24,50500,PAT,75800,126300,2,🟡 Advertencia (Próximo a Caducar)
17628839-6,2220000,107000,2026-10-04,0,35,0,PAC,0,0,NA,🟢 Saludable
10010037-0,4960000,138000,2026-10-04,2,60,33000,PAT,49500,82500,1,🟡 Advertencia (Próximo a Caducar)
19366100-3,3770000,108000,2026-10-04,0,29,0,PREVIRED,0,0,NA,🟢 Saludable
12106538-1,4150000,266000,2026-10-04,0,53,0,PAT,0,0,NA,🟢 Saludable
16668288-7,3670000,222000,2026-10-04,1,38,33200,PAC,49800,83000,2,🟡 Advertencia (Próximo a Caducar)
21288099-6,830000,124000,2026-10-04,1,23,21700,PREVIRED,32500,54200,2,🟡 Advertencia (Próximo a Caducar)
15454809-5,2370000,342000,2026-10-04,0,42,0,DIRECTO,0,0,NA,🟢 Saludable
13439596-0,2160000,167000,2026-10-04,1,49,32100,PREVIRED,48100,80200,2,🟡 Advertencia (Próximo a Caducar)
16345059-0,3970000,186000,2026-10-04,0,39,0,PAT,0,0,NA,🟢 Saludable
13034665-7,4070000,328000,2026-10-04,0,50,0,PREVIRED,0,0,NA,🟢 Saludable
17026872-8,4400000,288000,2026-10-04,1,37,42900,PAT,64400,107300,2,🟡 Advertencia (Próximo a Caducar)
13498187-8,1910000,170000,2026-10-04,1,49,18900,PAT,28400,47300,2,🟡 Advertencia (Próximo a Caducar)
15725209-3,2840000,185000,2026-10-04,0,41,0,PAC,0,0,NA,🟢 Saludable
11241542-1,1660000,249000,2026-10-04,2,56,92900,PAC,139400,232300,1,🟡 Advertencia (Próximo a Caducar)
10732608-2,3250000,97000,2026-10-04,1,58,17100,PAC,25700,42800,2,🟡 Advertencia (Próximo a Caducar)
10465825-0,1720000,258000,2026-10-04,0,59,0,PAC,0,0,NA,🟢 Saludable
10353634-3,3640000,328000,2026-10-04,2,59,117400,PAC,176100,293500,1,🟡 Advertencia (Próximo a Caducar)
11959082-4,3480000,233000,2026-10-04,0,54,0,PAT,0,0,NA,🟢 Saludable
14600108-7,4560000,297000,2026-10-04,3,45,142700,PAT,214000,356700,0,🔴 Crítico (Caduco - Default)
18859949-2,2050000,268000,2026-10-04,1,31,41100,PAT,61700,102800,2,🟡 Advertencia (Próximo a Caducar)
11698221-3,3010000,151000,2026-10-04,1,55,24900,PREVIRED,37300,62200,2,🟡 Advertencia (Próximo a Caducar)
12526710-6,2880000,215000,2026-10-04,2,52,61900,PAC,92800,154700,1,🟡 Advertencia (Próximo a Caducar)
12785773-2,4140000,238000,2026-10-04,0,51,0,PREVIRED,0,0,NA,🟢 Saludable
14952308-8,2680000,236000,2026-10-04,0,44,0,PAT,0,0,NA,🟢 Saludable
20908394-8,4470000,261000,2026-10-04,0,24,0,PREVIRED,0,0,NA,🟢 Saludable
10086472-9,2650000,208000,2026-10-04,1,60,29700,PAT,44600,74300,2,🟡 Advertencia (Próximo a Caducar)
15734251-3,4180000,134000,2026-10-04,0,41,0,PAT,0,0,NA,🟢 Saludable
20970918-9,2060000,151000,2026-10-04,1,24,15900,PAT,23900,39800,2,🟡 Advertencia (Próximo a Caducar)
17850705-1,4460000,340000,2026-10-04,1,34,59400,PAT,89100,148500,2,🟡 Advertencia (Próximo a Caducar)
16084530-2,1700000,255000,2026-10-04,2,40,84600,PAT,126900,211500,1,🟡 Advertencia (Próximo a Caducar)
17975018-3,3060000,151000,2026-10-04,2,34,42900,PAC,64300,107200,1,🟡 Advertencia (Próximo a Caducar)
11957142-0,4740000,125000,2026-10-04,1,54,20200,PAC,30300,50500,2,🟡 Advertencia (Próximo a Caducar)
21571158-7,2550000,310000,2026-10-04,2,22,66500,PAT,99700,166200,1,🟡 Advertencia (Próximo a Caducar)
21100206-0,4210000,296000,2026-10-04,0,23,0,PAT,0,0,NA,🟢 Saludable
18559471-2,3080000,220000,2026-10-04,1,32,23400,PAC,35100,58500,2,🟡 Advertencia (Próximo a Caducar)
13021747-4,3130000,344000,2026-10-04,1,50,65500,PREVIRED,98300,163800,2,🟡 Advertencia (Próximo a Caducar)
10038153-1,3830000,228000,2026-10-04,1,60,26100,PAT,39200,65300,2,🟡 Advertencia (Próximo a Caducar)
13773535-9,3130000,106000,2026-10-04,0,48,0,PAT,0,0,NA,🟢 Saludable
10108435-7,1250000,170000,2026-10-04,2,60,65900,DIRECTO,98900,164800,1,🟡 Advertencia (Próximo a Caducar)
19050074-9,3280000,128000,2026-10-04,0,30,0,PAT,0,0,NA,🟢 Saludable
18708947-K,1570000,135000,2026-10-04,2,31,48500,PAC,72700,121200,1,🟡 Advertencia (Próximo a Caducar)
11890872-9,4860000,121000,2026-10-04,1,54,23600,PREVIRED,35400,59000,2,🟡 Advertencia (Próximo a Caducar)
18589779-0,4030000,175000,2026-10-04,0,32,0,PAT,0,0,NA,🟢 Saludable
11660687-4,2310000,222000,2026-10-04,3,55,66600,PREVIRED,99900,166500,0,🔴 Crítico (Caduco - Default)
20633749-K,4420000,333000,2026-10-04,2,25,118800,PAC,178200,297000,1,🟡 Advertencia (Próximo a Caducar)
15825193-1,1320000,168000,2026-10-04,1,41,18700,PAT,28000,46700,2,🟡 Advertencia (Próximo a Caducar)
16043297-0,4890000,310000,2026-10-04,0,40,0,PAC,0,0,NA,🟢 Saludable
22159037-7,3030000,300000,2026-10-04,1,20,45500,PAT,68200,113700,2,🟡 Advertencia (Próximo a Caducar)
18515072-5,1700000,187000,2026-10-04,0,32,0,PAT,0,0,NA,🟢 Saludable
19764500-0,3800000,320000,2026-10-04,2,28,76700,PAT,115100,191800,1,🟡 Advertencia (Próximo a Caducar)
19730513-7,4730000,205000,2026-10-04,2,28,67500,PAC,101200,168700,1,🟡 Advertencia (Próximo a Caducar)
11649473-1,3120000,338000,2026-10-04,0,55,0,PAT,0,0,NA,🟢 Saludable
12735601-6,2970000,300000,2026-10-04,0,51,0,PAC,0,0,NA,🟢 Saludable
19136026-0,2220000,176000,2026-10-04,3,30,102400,PAC,153600,256000,0,🔴 Crítico (Caduco - Default)
18581667-7,970000,146000,2026-10-04,0,32,0,DIRECTO,0,0,NA,🟢 Saludable
19124761-8,4180000,211000,2026-10-04,1,30,42100,PAC,63200,105300,2,🟡 Advertencia (Próximo a Caducar)
11381315-8,1920000,288000,2026-10-04,1,56,35900,PAT,53900,89800,2,🟡 Advertencia (Próximo a Caducar)
22005189-3,4730000,218000,2026-10-04,1,20,27100,PAC,40600,67700,2,🟡 Advertencia (Próximo a Caducar)
19708805-5,2240000,251000,2026-10-04,0,28,0,PAT,0,0,NA,🟢 Saludable
15541637-5,2990000,122000,2026-10-04,0,42,0,PREVIRED,0,0,NA,🟢 Saludable
11242977-5,2650000,314000,2026-10-04,2,56,87300,DIRECTO,130900,218200,1,🟡 Advertencia (Próximo a Caducar)
16497607-8,4870000,113000,2026-10-04,2,39,43600,PAC,65400,109000,1,🟡 Advertencia (Próximo a Caducar)
14258191-9,3740000,171000,2026-10-04,2,46,43200,PAT,64800,108000,1,🟡 Advertencia (Próximo a Caducar)
21136842-1,1130000,119000,2026-10-04,0,23,0,PAC,0,0,NA,🟢 Saludable
16425032-8,2150000,272000,2026-10-04,1,39,30300,PAT,45400,75700,2,🟡 Advertencia (Próximo a Caducar)
15480367-2,1690000,200000,2026-10-04,1,42,34500,PAC,51800,86300,2,🟡 Advertencia (Próximo a Caducar)
14527618-5,2350000,137000,2026-10-04,0,45,0,PAC,0,0,NA,🟢 Saludable
10782681-6,4460000,185000,2026-10-04,0,58,0,PAT,0,0,NA,🟢 Saludable
20937657-0,3110000,319000,2026-10-04,2,24,71100,PAT,106700,177800,1,🟡 Advertencia (Próximo a Caducar)
15852361-3,1990000,230000,2026-10-04,1,41,26100,PAT,39200,65300,2,🟡 Advertencia (Próximo a Caducar)
15150831-5,4900000,153000,2026-10-04,2,43,39500,DIRECTO,59200,98700,1,🟡 Advertencia (Próximo a Caducar)
14669430-9,4480000,193000,2026-10-04,1,45,36700,PAT,55000,91700,2,🟡 Advertencia (Próximo a Caducar)
14007333-K,2400000,121000,2026-10-04,0,47,0,PAT,0,0,NA,🟢 Saludable
15580555-K,1870000,120000,2026-10-04,0,42,0,PAC,0,0,NA,🟢 Saludable
19332820-7,1350000,202000,2026-10-04,2,29,44100,PREVIRED,66200,110300,1,🟡 Advertencia (Próximo a Caducar)
14564639-K,4540000,97000,2026-10-04,0,45,0,PAT,0,0,NA,🟢 Saludable
18828013-5,2380000,297000,2026-10-04,2,31,89900,PAC,134800,224700,1,🟡 Advertencia (Próximo a Caducar)
11866324-6,2280000,124000,2026-10-04,2,54,25900,PAC,38900,64800,1,🟡 Advertencia (Próximo a Caducar)
21209867-8,4940000,251000,2026-10-04,3,23,133800,PAC,200700,334500,0,🔴 Crítico (Caduco - Default)
14288233-1,2850000,285000,2026-10-04,2,46,58000,PREVIRED,87000,145000,1,🟡 Advertencia (Próximo a Caducar)
20819069-K,1280000,192000,2026-10-04,2,24,65700,PAC,98500,164200,1,🟡 Advertencia (Próximo a Caducar)
13130668-8,3490000,109000,2026-10-04,0,50,0,PAT,0,0,NA,🟢 Saludable
11074841-6,1830000,110000,2026-10-04,2,57,28500,PAT,42800,71300,1,🟡 Advertencia (Próximo a Caducar)
11638415-4,1250000,188000,2026-10-04,0,55,0,PAC,0,0,NA,🟢 Saludable
18242070-1,3390000,258000,2026-10-04,3,33,123200,PAT,184800,308000,0,🔴 Crítico (Caduco - Default)
12508716-7,2830000,164000,2026-10-04,0,52,0,PAC,0,0,NA,🟢 Saludable
22082059-5,3300000,150000,2026-10-04,1,20,22500,PAT,33700,56200,2,🟡 Advertencia (Próximo a Caducar)
14643958-9,2940000,175000,2026-10-04,0,45,0,PAT,0,0,NA,🟢 Saludable
17208777-0,3870000,249000,2026-10-04,0,36,0,PAC,0,0,NA,🟢 Saludable
12140932-3,4550000,279000,2026-10-04,0,53,0,PAC,0,0,NA,🟢 Saludable
13771167-0,3620000,199000,2026-10-04,0,48,0,DIRECTO,0,0,NA,🟢 Saludable
13993445-5,1420000,171000,2026-10-04,2,47,55800,DIRECTO,83700,139500,1,🟡 Advertencia (Próximo a Caducar)
16137675-0,2770000,226000,2026-10-04,2,40,47700,PAC,71600,119300,1,🟡 Advertencia (Próximo a Caducar)
12469755-2,4580000,282000,2026-10-04,1,52,39300,PAC,59000,98300,2,🟡 Advertencia (Próximo a Caducar)
21457395-K,4910000,200000,2026-10-04,0,22,0,PREVIRED,0,0,NA,🟢 Saludable
17662864-2,2740000,327000,2026-10-04,0,35,0,PAT,0,0,NA,🟢 Saludable
12801303-6,1670000,250000,2026-10-04,2,51,89900,PAT,134800,224700,1,🟡 Advertencia (Próximo a Caducar)
15818760-5,2300000,319000,2026-10-04,2,41,115100,PAT,172700,287800,1,🟡 Advertencia (Próximo a Caducar)
15842474-7,3700000,139000,2026-10-04,1,41,25600,PAT,38400,64000,2,🟡 Advertencia (Próximo a Caducar)
11273271-0,4260000,133000,2026-10-04,0,56,0,DIRECTO,0,0,NA,🟢 Saludable
21175118-7,960000,129000,2026-10-04,0,23,0,PAC,0,0,NA,🟢 Saludable
10701459-5,3400000,240000,2026-10-04,0,58,0,PAC,0,0,NA,🟢 Saludable
12206453-7,3440000,319000,2026-10-04,1,53,61600,PAT,92400,154000,2,🟡 Advertencia (Próximo a Caducar)
14810241-6,4210000,244000,2026-10-04,1,44,25500,PAT,38300,63800,2,🟡 Advertencia (Próximo a Caducar)
17861107-K,990000,148000,2026-10-04,2,34,40300,PAT,60400,100700,1,🟡 Advertencia (Próximo a Caducar)
10173628-1,4780000,118000,2026-10-04,0,60,0,PAC,0,0,NA,🟢 Saludable
20564896-9,950000,91000,2026-10-04,0,25,0,PAT,0,0,NA,🟢 Saludable
17661047-6,2810000,180000,2026-10-04,2,35,49100,PAC,73700,122800,1,🟡 Advertencia (Próximo a Caducar)
15520215-4,1530000,159000,2026-10-04,2,42,45000,PAT,67500,112500,1,🟡 Advertencia (Próximo a Caducar)
17076275-7,970000,146000,2026-10-04,2,37,55900,PAC,83900,139800,1,🟡 Advertencia (Próximo a Caducar)
20927105-1,1990000,298000,2026-10-04,0,24,0,PAT,0,0,NA,🟢 Saludable
10400091-3,2080000,293000,2026-10-04,0,59,0,PAT,0,0,NA,🟢 Saludable
19934722-7,4240000,204000,2026-10-04,3,27,105000,PREVIRED,157500,262500,0,🔴 Crítico (Caduco - Default)
19983561-2,2540000,242000,2026-10-04,0,27,0,PAC,0,0,NA,🟢 Saludable
12826841-7,4210000,134000,2026-10-04,1,51,20100,PAT,30200,50300,2,🟡 Advertencia (Próximo a Caducar)
19118780-1,3040000,250000,2026-10-04,0,30,0,PAT,0,0,NA,🟢 Saludable
19140980-4,1590000,117000,2026-10-04,0,30,0,PREVIRED,0,0,NA,🟢 Saludable
15520432-7,1050000,158000,2026-10-04,0,42,0,PAC,0,0,NA,🟢 Saludable
12759615-7,1190000,95000,2026-10-04,1,51,17400,PREVIRED,26100,43500,2,🟡 Advertencia (Próximo a Caducar)
16158710-7,1810000,272000,2026-10-04,0,40,0,PAT,0,0,NA,🟢 Saludable
10961239-1,3340000,91000,2026-10-04,2,57,19900,PAC,29900,49800,1,🟡 Advertencia (Próximo a Caducar)
19730155-7,2140000,258000,2026-10-04,0,28,0,DIRECTO,0,0,NA,🟢 Saludable
19350763-2,1080000,162000,2026-10-04,1,29,18100,PAC,27100,45200,2,🟡 Advertencia (Próximo a Caducar)
19195577-9,2540000,236000,2026-10-04,0,30,0,PAC,0,0,NA,🟢 Saludable
16435834-K,880000,132000,2026-10-04,3,39,39600,PAT,59400,99000,0,🔴 Crítico (Caduco - Default)
13000991-K,1900000,285000,2026-10-04,2,50,82300,PAT,123400,205700,1,🟡 Advertencia (Próximo a Caducar)
14953881-6,1790000,135000,2026-10-04,2,44,50500,PAT,75800,126300,1,🟡 Advertencia (Próximo a Caducar)
11586875-7,2080000,168000,2026-10-04,2,55,56200,PREVIRED,84300,140500,1,🟡 Advertencia (Próximo a Caducar)
12854992-0,3060000,191000,2026-10-04,3,51,113900,PAT,170900,284800,0,🔴 Crítico (Caduco - Default)
10023709-0,4840000,138000,2026-10-04,0,60,0,PREVIRED,0,0,NA,🟢 Saludable
12707658-7,4990000,272000,2026-10-04,1,51,38400,PAC,57600,96000,2,🟡 Advertencia (Próximo a Caducar)
13723212-8,2600000,227000,2026-10-04,1,48,26300,PAT,39400,65700,2,🟡 Advertencia (Próximo a Caducar)
17649679-7,4710000,293000,2026-10-04,0,35,0,PAT,0,0,NA,🟢 Saludable
21557092-4,1210000,161000,2026-10-04,0,22,0,PAT,0,0,NA,🟢 Saludable
11512053-1,4080000,255000,2026-10-04,0,55,0,PAT,0,0,NA,🟢 Saludable
16066367-0,1400000,121000,2026-10-04,2,40,26300,PAC,39500,65800,1,🟡 Advertencia (Próximo a Caducar)
15738943-9,2900000,227000,2026-10-04,0,41,0,PREVIRED,0,0,NA,🟢 Saludable
18782157-K,2940000,102000,2026-10-04,0,31,0,PAC,0,0,NA,🟢 Saludable
13361211-4,930000,140000,2026-10-04,3,49,53500,PAC,80200,133700,0,🔴 Crítico (Caduco - Default)
10367840-7,4870000,203000,2026-10-04,2,59,70900,PAT,106400,177300,1,🟡 Advertencia (Próximo a Caducar)
14323348-K,2170000,326000,2026-10-04,1,46,63800,PAT,95700,159500,2,🟡 Advertencia (Próximo a Caducar)
21595431-5,3860000,325000,2026-10-04,3,22,191900,PREVIRED,287900,479800,0,🔴 Crítico (Caduco - Default)
13013293-2,3010000,236000,2026-10-04,0,50,0,PREVIRED,0,0,NA,🟢 Saludable
12241648-4,1220000,183000,2026-10-04,0,53,0,PAC,0,0,NA,🟢 Saludable
14670187-9,4450000,166000,2026-10-04,0,45,0,PAC,0,0,NA,🟢 Saludable
10691778-3,2810000,284000,2026-10-04,0,58,0,PREVIRED,0,0,NA,🟢 Saludable
16171812-0,1580000,112000,2026-10-04,0,40,0,DIRECTO,0,0,NA,🟢 Saludable
10696387-4,1720000,258000,2026-10-04,1,58,43500,PAC,65300,108800,2,🟡 Advertencia (Próximo a Caducar)
13103988-4,4270000,243000,2026-10-04,1,50,40500,PREVIRED,60700,101200,2,🟡 Advertencia (Próximo a Caducar)
11325528-7,1330000,117000,2026-10-04,3,56,68700,DIRECTO,103000,171700,0,🔴 Crítico (Caduco - Default)
17556592-8,1950000,176000,2026-10-04,0,35,0,PAT,0,0,NA,🟢 Saludable
10974189-2,3050000,115000,2026-10-04,2,57,43500,PREVIRED,65200,108700,1,🟡 Advertencia (Próximo a Caducar)
13482857-3,4480000,327000,2026-10-04,0,49,0,PREVIRED,0,0,NA,🟢 Saludable
21109040-7,4970000,273000,2026-10-04,0,23,0,PAT,0,0,NA,🟢 Saludable
18552528-1,4840000,250000,2026-10-04,2,32,94600,PAT,141900,236500,1,🟡 Advertencia (Próximo a Caducar)
16121293-6,4670000,184000,2026-10-04,2,40,64900,PAT,97400,162300,1,🟡 Advertencia (Próximo a Caducar)
17669356-8,1200000,180000,2026-10-04,0,35,0,PAC,0,0,NA,🟢 Saludable
17956153-4,1140000,122000,2026-10-04,0,34,0,PAC,0,0,NA,🟢 Saludable
11565790-K,3930000,349000,2026-10-04,0,55,0,PAT,0,0,NA,🟢 Saludable
12501685-5,3550000,135000,2026-10-04,0,52,0,PAT,0,0,NA,🟢 Saludable
20007598-4,2540000,346000,2026-10-04,0,27,0,PAT,0,0,NA,🟢 Saludable
11926230-4,3860000,163000,2026-10-04,1,54,26500,PREVIRED,39800,66300,2,🟡 Advertencia (Próximo a Caducar)
12165128-0,4020000,232000,2026-10-04,0,53,0,PAC,0,0,NA,🟢 Saludable
17880331-9,4230000,336000,2026-10-04,0,34,0,PAC,0,0,NA,🟢 Saludable
19438628-0,4910000,214000,2026-10-04,1,29,26900,PREVIRED,40300,67200,2,🟡 Advertencia (Próximo a Caducar)
13161188-K,3610000,118000,2026-10-04,2,50,30900,PAT,46400,77300,1,🟡 Advertencia (Próximo a Caducar)
22114749-K,4650000,289000,2026-10-04,2,20,60100,PAT,90200,150300,1,🟡 Advertencia (Próximo a Caducar)
11527951-4,4730000,255000,2026-10-04,0,55,0,PAT,0,0,NA,🟢 Saludable
20392353-K,3090000,97000,2026-10-04,0,26,0,PREVIRED,0,0,NA,🟢 Saludable
19327616-9,1230000,184000,2026-10-04,0,29,0,PAC,0,0,NA,🟢 Saludable
16453658-2,4890000,338000,2026-10-04,0,39,0,PREVIRED,0,0,NA,🟢 Saludable
10117073-3,4110000,341000,2026-10-04,3,60,102300,PAC,153400,255700,0,🔴 Crítico (Caduco - Default)
15102739-2,1520000,228000,2026-10-04,2,43,72800,PREVIRED,109200,182000,1,🟡 Advertencia (Próximo a Caducar)
10161765-7,2330000,114000,2026-10-04,2,60,27800,PAT,41700,69500,1,🟡 Advertencia (Próximo a Caducar)
18233147-4,3960000,323000,2026-10-04,1,33,40200,DIRECTO,60300,100500,2,🟡 Advertencia (Próximo a Caducar)
11261161-1,2080000,122000,2026-10-04,0,56,0,PAT,0,0,NA,🟢 Saludable
13791431-8,2650000,260000,2026-10-04,2,48,93000,PAC,139500,232500,1,🟡 Advertencia (Próximo a Caducar)
21889925-4,4410000,151000,2026-10-04,3,21,50100,PAT,75200,125300,0,🔴 Crítico (Caduco - Default)
16052619-3,3760000,181000,2026-10-04,0,40,0,PAC,0,0,NA,🟢 Saludable
19357346-5,4930000,98000,2026-10-04,0,29,0,PAT,0,0,NA,🟢 Saludable
17003437-9,1710000,210000,2026-10-04,2,37,63000,PAC,94500,157500,1,🟡 Advertencia (Próximo a Caducar)
15540339-7,3550000,177000,2026-10-04,0,42,0,PAT,0,0,NA,🟢 Saludable
17688484-3,4930000,229000,2026-10-04,1,35,42100,PAT,63200,105300,2,🟡 Advertencia (Próximo a Caducar)
20670957-5,4080000,119000,2026-10-04,0,25,0,DIRECTO,0,0,NA,🟢 Saludable
16487307-4,930000,140000,2026-10-04,1,39,24100,PAT,36200,60300,2,🟡 Advertencia (Próximo a Caducar)
17803156-1,2210000,148000,2026-10-04,3,34,78300,PAT,117500,195800,0,🔴 Crítico (Caduco - Default)
20961811-6,3560000,299000,2026-10-04,2,24,114100,PAC,171200,285300,1,🟡 Advertencia (Próximo a Caducar)
18826152-1,3320000,327000,2026-10-04,0,31,0,PAC,0,0,NA,🟢 Saludable
12463160-8,1450000,218000,2026-10-04,0,52,0,PAT,0,0,NA,🟢 Saludable
15707518-3,1150000,172000,2026-10-04,2,41,37500,PAC,56200,93700,1,🟡 Advertencia (Próximo a Caducar)
17596919-0,2600000,267000,2026-10-04,1,35,30100,PAT,45100,75200,2,🟡 Advertencia (Próximo a Caducar)
10457743-9,3210000,314000,2026-10-04,3,59,94200,PREVIRED,141300,235500,0,🔴 Crítico (Caduco - Default)
21219994-6,4680000,157000,2026-10-04,1,23,27800,PAT,41700,69500,2,🟡 Advertencia (Próximo a Caducar)
13938432-3,4710000,215000,2026-10-04,0,47,0,PAC,0,0,NA,🟢 Saludable
16734045-3,2770000,294000,2026-10-04,0,38,0,PAC,0,0,NA,🟢 Saludable
20947644-3,4670000,144000,2026-10-04,2,24,47700,PREVIRED,71600,119300,1,🟡 Advertencia (Próximo a Caducar)
15171427-6,3630000,163000,2026-10-04,0,43,0,DIRECTO,0,0,NA,🟢 Saludable
20523850-7,2690000,235000,2026-10-04,2,25,63900,PAT,95900,159800,1,🟡 Advertencia (Próximo a Caducar)
10138138-6,1000000,143000,2026-10-04,2,60,41300,DIRECTO,61900,103200,1,🟡 Advertencia (Próximo a Caducar)
10487856-0,3140000,191000,2026-10-04,3,59,57300,PREVIRED,86000,143300,0,🔴 Crítico (Caduco - Default)
10997517-6,860000,129000,2026-10-04,1,57,13600,PREVIRED,20400,34000,2,🟡 Advertencia (Próximo a Caducar)
18275658-0,1140000,171000,2026-10-04,2,33,65700,DIRECTO,98500,164200,1,🟡 Advertencia (Próximo a Caducar)
12785355-9,1620000,142000,2026-10-04,0,51,0,PAC,0,0,NA,🟢 Saludable
21712561-7,880000,132000,2026-10-04,1,21,18300,PAT,27400,45700,2,🟡 Advertencia (Próximo a Caducar)
17564186-1,4130000,311000,2026-10-04,3,35,101100,PAT,151700,252800,0,🔴 Crítico (Caduco - Default)
19929107-8,3850000,252000,2026-10-04,0,27,0,PAT,0,0,NA,🟢 Saludable
20843789-K,910000,136000,2026-10-04,1,24,15100,PAC,22600,37700,2,🟡 Advertencia (Próximo a Caducar)
21204136-6,1700000,135000,2026-10-04,3,23,40500,PREVIRED,60800,101300,0,🔴 Crítico (Caduco - Default)
20943036-2,3460000,158000,2026-10-04,2,24,32100,PAT,48100,80200,1,🟡 Advertencia (Próximo a Caducar)
10308520-1,3040000,272000,2026-10-04,3,59,127000,PREVIRED,190500,317500,0,🔴 Crítico (Caduco - Default)
16988457-3,4180000,310000,2026-10-04,3,37,93000,PAT,139500,232500,0,🔴 Crítico (Caduco - Default)
12724114-6,3900000,186000,2026-10-04,1,51,22700,PAT,34000,56700,2,🟡 Advertencia (Próximo a Caducar)
18805442-9,1690000,224000,2026-10-04,1,31,24100,PAC,36200,60300,2,🟡 Advertencia (Próximo a Caducar)
21107064-3,4690000,315000,2026-10-04,0,23,0,PAT,0,0,NA,🟢 Saludable
16682434-7,1430000,214000,2026-10-04,0,38,0,PAC,0,0,NA,🟢 Saludable
20341572-0,4590000,212000,2026-10-04,2,26,81500,PAC,122200,203700,1,🟡 Advertencia (Próximo a Caducar)
10001172-6,4900000,262000,2026-10-04,0,60,0,PAC,0,0,NA,🟢 Saludable
12768333-5,4290000,268000,2026-10-04,0,51,0,PAC,0,0,NA,🟢 Saludable
20979364-3,3300000,275000,2026-10-04,2,24,78600,PAC,117900,196500,1,🟡 Advertencia (Próximo a Caducar)
14289221-3,2340000,323000,2026-10-04,0,46,0,PAT,0,0,NA,🟢 Saludable
15507688-4,2440000,284000,2026-10-04,0,42,0,PAT,0,0,NA,🟢 Saludable
11865615-0,4430000,285000,2026-10-04,2,54,99100,PAT,148600,247700,1,🟡 Advertencia (Próximo a Caducar)
15478244-6,1760000,202000,2026-10-04,2,42,55300,PAT,83000,138300,1,🟡 Advertencia (Próximo a Caducar)
14391049-K,1610000,236000,2026-10-04,3,46,111700,DIRECTO,167500,279200,0,🔴 Crítico (Caduco - Default)
19628904-4,2650000,257000,2026-10-04,2,28,64200,DIRECTO,96300,160500,1,🟡 Advertencia (Próximo a Caducar)
15566646-0,1570000,120000,2026-10-04,0,42,0,PAC,0,0,NA,🟢 Saludable
19931624-0,2760000,115000,2026-10-04,1,27,18500,PREVIRED,27700,46200,2,🟡 Advertencia (Próximo a Caducar)
11069167-8,1250000,188000,2026-10-04,1,57,19300,PAC,28900,48200,2,🟡 Advertencia (Próximo a Caducar)
20841580-2,3880000,347000,2026-10-04,0,24,0,PAC,0,0,NA,🟢 Saludable
22144236-K,2960000,111000,2026-10-04,0,20,0,PAC,0,0,NA,🟢 Saludable
18873323-7,3320000,319000,2026-10-04,3,31,95700,PAC,143600,239300,0,🔴 Crítico (Caduco - Default)
15473979-6,3860000,306000,2026-10-04,2,42,84300,PAT,126500,210800,1,🟡 Advertencia (Próximo a Caducar)
14998924-9,2420000,193000,2026-10-04,1,44,21300,PAC,31900,53200,2,🟡 Advertencia (Próximo a Caducar)
11388061-0,4440000,159000,2026-10-04,2,56,54900,PAT,82400,137300,1,🟡 Advertencia (Próximo a Caducar)
15722909-1,2480000,279000,2026-10-04,0,41,0,DIRECTO,0,0,NA,🟢 Saludable
20908742-0,4370000,247000,2026-10-04,0,24,0,PREVIRED,0,0,NA,🟢 Saludable
20224551-7,2020000,246000,2026-10-04,2,26,73800,PAC,110700,184500,1,🟡 Advertencia (Próximo a Caducar)
16378210-0,3180000,135000,2026-10-04,1,39,23000,DIRECTO,34500,57500,2,🟡 Advertencia (Próximo a Caducar)
15181348-7,2600000,332000,2026-10-04,0,43,0,PAC,0,0,NA,🟢 Saludable
15567875-2,2370000,234000,2026-10-04,1,42,42300,PAT,63500,105800,2,🟡 Advertencia (Próximo a Caducar)
19386986-0,1620000,99000,2026-10-04,1,29,13500,PREVIRED,20300,33800,2,🟡 Advertencia (Próximo a Caducar)
12433060-8,2930000,225000,2026-10-04,1,52,37300,PAT,56000,93300,2,🟡 Advertencia (Próximo a Caducar)
17949583-3,2830000,248000,2026-10-04,0,34,0,DIRECTO,0,0,NA,🟢 Saludable
11525760-K,3780000,209000,2026-10-04,0,55,0,PAC,0,0,NA,🟢 Saludable
21228015-8,3640000,180000,2026-10-04,0,23,0,PREVIRED,0,0,NA,🟢 Saludable
15866261-3,4440000,174000,2026-10-04,0,41,0,PAT,0,0,NA,🟢 Saludable
10705416-3,4190000,188000,2026-10-04,0,58,0,PREVIRED,0,0,NA,🟢 Saludable
21137624-6,1870000,109000,2026-10-04,3,23,57200,PAT,85800,143000,0,🔴 Crítico (Caduco - Default)
12139770-8,3190000,230000,2026-10-04,2,53,84500,PREVIRED,126800,211300,1,🟡 Advertencia (Próximo a Caducar)
16111660-0,1340000,201000,2026-10-04,0,40,0,DIRECTO,0,0,NA,🟢 Saludable
14634413-8,4620000,129000,2026-10-04,2,45,43500,PAT,65300,108800,1,🟡 Advertencia (Próximo a Caducar)
11983734-K,910000,124000,2026-10-04,0,54,0,PAC,0,0,NA,🟢 Saludable
22087040-1,1580000,237000,2026-10-04,2,20,72700,PAC,109100,181800,1,🟡 Advertencia (Próximo a Caducar)
15276061-6,1200000,180000,2026-10-04,2,43,65300,PAC,97900,163200,1,🟡 Advertencia (Próximo a Caducar)
21188488-8,1980000,297000,2026-10-04,0,23,0,PAT,0,0,NA,🟢 Saludable
18842413-7,1790000,139000,2026-10-04,3,31,41700,PAT,62600,104300,0,🔴 Crítico (Caduco - Default)
13746236-0,4110000,283000,2026-10-04,1,48,41700,PAT,62600,104300,2,🟡 Advertencia (Próximo a Caducar)
10460464-9,2000000,116000,2026-10-04,1,59,17600,PAT,26400,44000,2,🟡 Advertencia (Próximo a Caducar)
14226835-8,2670000,125000,2026-10-04,0,46,0,PREVIRED,0,0,NA,🟢 Saludable
17039713-7,3310000,332000,2026-10-04,0,37,0,PAC,0,0,NA,🟢 Saludable
17915746-6,2760000,140000,2026-10-04,2,34,36000,PAT,54000,90000,1,🟡 Advertencia (Próximo a Caducar)
11849540-8,1650000,171000,2026-10-04,0,54,0,DIRECTO,0,0,NA,🟢 Saludable
10691524-1,4570000,176000,2026-10-04,0,58,0,PAT,0,0,NA,🟢 Saludable
18834370-6,2430000,204000,2026-10-04,1,31,31000,PAT,46500,77500,2,🟡 Advertencia (Próximo a Caducar)
13947837-9,3400000,250000,2026-10-04,2,47,94000,PAC,141000,235000,1,🟡 Advertencia (Próximo a Caducar)
18284825-6,1440000,216000,2026-10-04,0,33,0,PREVIRED,0,0,NA,🟢 Saludable
17219738-K,3240000,227000,2026-10-04,0,36,0,PAT,0,0,NA,🟢 Saludable
20504816-3,1360000,204000,2026-10-04,2,25,45700,PREVIRED,68600,114300,1,🟡 Advertencia (Próximo a Caducar)
10657302-2,3330000,303000,2026-10-04,1,58,47600,PAT,71400,119000,2,🟡 Advertencia (Próximo a Caducar)
19163526-K,2350000,253000,2026-10-04,3,30,75900,DIRECTO,113800,189700,0,🔴 Crítico (Caduco - Default)
19463925-1,1450000,213000,2026-10-04,1,29,38000,PAT,57000,95000,2,🟡 Advertencia (Próximo a Caducar)
10134338-7,1150000,171000,2026-10-04,3,60,51300,PAT,77000,128300,0,🔴 Crítico (Caduco - Default)
16712547-1,4250000,112000,2026-10-04,2,38,33100,PAT,49600,82700,1,🟡 Advertencia (Próximo a Caducar)
16003416-9,1790000,194000,2026-10-04,0,40,0,PAC,0,0,NA,🟢 Saludable
13665401-6,3740000,217000,2026-10-04,1,48,22400,PAC,33600,56000,2,🟡 Advertencia (Próximo a Caducar)
20376627-2,4970000,194000,2026-10-04,3,26,68300,PREVIRED,102400,170700,0,🔴 Crítico (Caduco - Default)
10738150-4,870000,130000,2026-10-04,0,58,0,PAT,0,0,NA,🟢 Saludable
21187002-K,3210000,180000,2026-10-04,0,23,0,PAC,0,0,NA,🟢 Saludable
16330828-K,1440000,216000,2026-10-04,0,39,0,PAC,0,0,NA,🟢 Saludable
17299856-0,1920000,288000,2026-10-04,2,36,88500,PAC,132700,221200,1,🟡 Advertencia (Próximo a Caducar)
20603263-K,2570000,273000,2026-10-04,0,25,0,PAC,0,0,NA,🟢 Saludable
11821052-7,2810000,219000,2026-10-04,3,54,130700,PAC,196000,326700,0,🔴 Crítico (Caduco - Default)
20540373-7,2670000,115000,2026-10-04,3,25,59600,PREVIRED,89400,149000,0,🔴 Crítico (Caduco - Default)
22081298-3,3970000,147000,2026-10-04,2,20,47100,PAT,70600,117700,1,🟡 Advertencia (Próximo a Caducar)
19391880-2,4350000,287000,2026-10-04,0,29,0,PAT,0,0,NA,🟢 Saludable
19700874-4,3400000,304000,2026-10-04,2,28,65600,PAT,98400,164000,1,🟡 Advertencia (Próximo a Caducar)
14881088-7,2260000,204000,2026-10-04,0,44,0,PAT,0,0,NA,🟢 Saludable
21885185-5,2550000,233000,2026-10-04,0,21,0,PAT,0,0,NA,🟢 Saludable
17838056-6,3900000,243000,2026-10-04,1,34,44300,PAT,66400,110700,2,🟡 Advertencia (Próximo a Caducar)
12812027-4,1120000,98000,2026-10-04,1,51,12800,PAT,19200,32000,2,🟡 Advertencia (Próximo a Caducar)
12878677-9,3740000,284000,2026-10-04,2,51,90100,DIRECTO,135200,225300,1,🟡 Advertencia (Próximo a Caducar)
21223127-0,2430000,136000,2026-10-04,1,23,19000,PAT,28500,47500,2,🟡 Advertencia (Próximo a Caducar)
12450916-0,1700000,115000,2026-10-04,3,52,34500,PAT,51800,86300,0,🔴 Crítico (Caduco - Default)
21471469-3,4470000,164000,2026-10-04,2,22,33500,PAT,50200,83700,1,🟡 Advertencia (Próximo a Caducar)
17804796-4,1760000,178000,2026-10-04,0,34,0,PREVIRED,0,0,NA,🟢 Saludable
19457442-7,3070000,262000,2026-10-04,3,29,78600,PAT,117900,196500,0,🔴 Crítico (Caduco - Default)
11251288-5,3690000,224000,2026-10-04,0,56,0,PAC,0,0,NA,🟢 Saludable
21746284-2,3530000,146000,2026-10-04,0,21,0,PAC,0,0,NA,🟢 Saludable
10489212-1,4100000,156000,2026-10-04,1,59,23900,PAT,35800,59700,2,🟡 Advertencia (Próximo a Caducar)
16923448-K,3020000,217000,2026-10-04,3,37,65100,PREVIRED,97600,162700,0,🔴 Crítico (Caduco - Default)
21241297-6,3370000,332000,2026-10-04,1,23,46400,PAC,69600,116000,2,🟡 Advertencia (Próximo a Caducar)
12171918-7,3840000,129000,2026-10-04,0,53,0,PAC,0,0,NA,🟢 Saludable
19725720-5,3310000,173000,2026-10-04,3,28,67400,PREVIRED,101100,168500,0,🔴 Crítico (Caduco - Default)
22147016-9,4870000,317000,2026-10-04,1,20,40100,PAT,60100,100200,2,🟡 Advertencia (Próximo a Caducar)
21242480-K,2110000,98000,2026-10-04,0,23,0,PAC,0,0,NA,🟢 Saludable
17042516-5,3750000,209000,2026-10-04,1,37,36700,PAT,55000,91700,2,🟡 Advertencia (Próximo a Caducar)
11339789-8,1370000,167000,2026-10-04,1,56,18100,PAC,27100,45200,2,🟡 Advertencia (Próximo a Caducar)
11093807-K,1090000,164000,2026-10-04,2,57,57300,PAC,86000,143300,1,🟡 Advertencia (Próximo a Caducar)
19968504-1,3860000,217000,2026-10-04,1,27,33300,PAC,49900,83200,2,🟡 Advertencia (Próximo a Caducar)
11311155-2,3450000,129000,2026-10-04,0,56,0,PAT,0,0,NA,🟢 Saludable
11566993-2,1240000,165000,2026-10-04,2,55,35700,PAT,53500,89200,1,🟡 Advertencia (Próximo a Caducar)
10380249-3,2230000,186000,2026-10-04,1,59,21300,PAT,31900,53200,2,🟡 Advertencia (Próximo a Caducar)
19393088-8,3040000,164000,2026-10-04,1,29,26500,PAT,39800,66300,2,🟡 Advertencia (Próximo a Caducar)
11097085-2,3080000,297000,2026-10-04,3,57,89100,PAT,133600,222700,0,🔴 Crítico (Caduco - Default)
21224518-2,1800000,225000,2026-10-04,1,23,33800,PAT,50700,84500,2,🟡 Advertencia (Próximo a Caducar)
13135617-0,1900000,144000,2026-10-04,1,50,23100,PREVIRED,34600,57700,2,🟡 Advertencia (Próximo a Caducar)
22172803-4,1960000,294000,2026-10-04,0,20,0,PAC,0,0,NA,🟢 Saludable
11935756-9,4560000,172000,2026-10-04,2,54,55000,PAC,82500,137500,1,🟡 Advertencia (Próximo a Caducar)
21113438-2,2950000,145000,2026-10-04,0,23,0,PAC,0,0,NA,🟢 Saludable
11959441-2,2880000,191000,2026-10-04,1,54,27300,PAC,41000,68300,2,🟡 Advertencia (Próximo a Caducar)
13451991-0,4790000,349000,2026-10-04,1,49,38400,PAT,57600,96000,2,🟡 Advertencia (Próximo a Caducar)
12739988-2,3730000,95000,2026-10-04,2,51,30100,PAT,45100,75200,1,🟡 Advertencia (Próximo a Caducar)
21197880-7,2300000,210000,2026-10-04,1,23,37000,PAC,55500,92500,2,🟡 Advertencia (Próximo a Caducar)
21104274-7,2190000,223000,2026-10-04,2,23,73700,PAT,110500,184200,1,🟡 Advertencia (Próximo a Caducar)
16449838-9,1140000,171000,2026-10-04,1,39,19500,PAC,29300,48800,2,🟡 Advertencia (Próximo a Caducar)
11069112-0,4970000,94000,2026-10-04,2,57,20100,PAT,30100,50200,1,🟡 Advertencia (Próximo a Caducar)
17627143-4,1640000,214000,2026-10-04,2,35,59600,DIRECTO,89400,149000,1,🟡 Advertencia (Próximo a Caducar)
20832264-2,2670000,337000,2026-10-04,2,24,131800,PAC,197700,329500,1,🟡 Advertencia (Próximo a Caducar)
17801776-3,2050000,111000,2026-10-04,2,34,26100,PREVIRED,39200,65300,1,🟡 Advertencia (Próximo a Caducar)
10718018-5,3630000,212000,2026-10-04,0,58,0,PAC,0,0,NA,🟢 Saludable
10088381-2,2420000,146000,2026-10-04,0,60,0,PREVIRED,0,0,NA,🟢 Saludable
20071279-8,2360000,172000,2026-10-04,1,27,29000,PAC,43500,72500,2,🟡 Advertencia (Próximo a Caducar)
21179233-9,2950000,303000,2026-10-04,2,23,96300,PREVIRED,144500,240800,1,🟡 Advertencia (Próximo a Caducar)
21206568-0,2080000,196000,2026-10-04,1,23,36500,PAC,54700,91200,2,🟡 Advertencia (Próximo a Caducar)
10776933-2,3110000,256000,2026-10-04,2,58,80100,PAC,120100,200200,1,🟡 Advertencia (Próximo a Caducar)
20841639-6,2990000,284000,2026-10-04,3,24,85200,PAT,127800,213000,0,🔴 Crítico (Caduco - Default)
14937692-1,3750000,184000,2026-10-04,2,44,46100,PAT,69100,115200,1,🟡 Advertencia (Próximo a Caducar)
16359746-K,4550000,200000,2026-10-04,1,39,25700,PAT,38600,64300,2,🟡 Advertencia (Próximo a Caducar)
11331675-8,1090000,164000,2026-10-04,2,56,50200,PAC,75300,125500,1,🟡 Advertencia (Próximo a Caducar)
22077966-8,4750000,241000,2026-10-04,0,20,0,PAC,0,0,NA,🟢 Saludable
21757490-K,3330000,317000,2026-10-04,0,21,0,DIRECTO,0,0,NA,🟢 Saludable
21115413-8,2620000,269000,2026-10-04,1,23,44100,PAC,66200,110300,2,🟡 Advertencia (Próximo a Caducar)
14953835-2,2860000,315000,2026-10-04,1,44,52600,PAC,78900,131500,2,🟡 Advertencia (Próximo a Caducar)
13064946-3,2940000,160000,2026-10-04,3,50,61100,PREVIRED,91700,152800,0,🔴 Crítico (Caduco - Default)
