rut,sueldo,prima_pactada,fecha_archivo
15222981-3,4500000,192000,2026-09-27
10154091-3,1840000,276000,2026-09-27
15728623-0,1300000,142000,2026-09-27
14557731-2,890000,111000,2026-09-27
11373428-2,4870000,158000,2026-09-27
13612216-2,2930000,171000,2026-09-27
17251335-4,2920000,249000,2026-09-27
16600182-0,3310000,138000,2026-09-27
21884885-4,2570000,316000,2026-09-27
10644932-1,2440000,230000,2026-09-27
14611366-7,3840000,169000,2026-09-27
13648016-6,1350000,113000,2026-09-27
17589286-4,2930000,151000,2026-09-27
13030638-8,960000,144000,2026-09-27
20212178-8,4370000,243000,2026-09-27
14505590-1,2020000,303000,2026-09-27
19479150-9,1030000,150000,2026-09-27
13740581-2,840000,126000,2026-09-27
18759694-0,860000,129000,2026-09-27
16489131-5,4320000,270000,2026-09-27
20002763-7,880000,109000,2026-09-27
10492215-2,1810000,165000,2026-09-27
19166464-2,1490000,115000,2026-09-27
20979167-5,820000,123000,2026-09-27
14550041-7,1250000,188000,2026-09-27
12160000-7,4360000,260000,2026-09-27
13690056-4,4660000,335000,2026-09-27
14535528-K,3460000,112000,2026-09-27
21186017-2,3910000,142000,2026-09-27
16136509-0,810000,91000,2026-09-27
19797486-1,4620000,168000,2026-09-27
13080062-5,2440000,185000,2026-09-27
11899869-8,2190000,300000,2026-09-27
10081691-0,1430000,183000,2026-09-27
10097311-0,1940000,111000,2026-09-27
12268240-0,4610000,295000,2026-09-27
19121404-3,2330000,305000,2026-09-27
11267779-5,4880000,165000,2026-09-27
22064555-6,4590000,190000,2026-09-27
16766866-1,3140000,148000,2026-09-27
15285782-2,1240000,186000,2026-09-27
14333480-4,4320000,270000,2026-09-27
22166363-3,2820000,152000,2026-09-27
12551220-8,4700000,152000,2026-09-27
19683275-9,2740000,221000,2026-09-27
18730227-0,2170000,326000,2026-09-27
11513521-0,2100000,174000,2026-09-27
19747844-9,3680000,129000,2026-09-27
13433377-9,2070000,158000,2026-09-27
10091797-0,2490000,298000,2026-09-27
16910898-0,2480000,213000,2026-09-27
12472968-3,1950000,95000,2026-09-27
10117071-7,2370000,312000,2026-09-27
12716778-7,3500000,333000,2026-09-27
16427669-6,3460000,106000,2026-09-27
14695627-3,2450000,206000,2026-09-27
13749617-6,850000,128000,2026-09-27
13995838-9,4210000,95000,2026-09-27
13446227-7,4300000,181000,2026-09-27
21890872-5,2280000,109000,2026-09-27
21474623-4,4090000,205000,2026-09-27
13086168-3,1450000,203000,2026-09-27
13976662-5,4260000,277000,2026-09-27
17913454-7,3710000,339000,2026-09-27
16734342-8,1250000,188000,2026-09-27
19079700-8,4200000,161000,2026-09-27
14934244-K,3210000,178000,2026-09-27
10194678-2,1070000,160000,2026-09-27
17604773-9,850000,128000,2026-09-27
10036497-1,1150000,172000,2026-09-27
13698681-7,3810000,144000,2026-09-27
11070120-7,3070000,215000,2026-09-27
14525252-9,4450000,170000,2026-09-27
22088265-5,3110000,191000,2026-09-27
16461156-8,3310000,288000,2026-09-27
16311052-8,1970000,212000,2026-09-27
19702079-5,3760000,348000,2026-09-27
13104605-8,4710000,184000,2026-09-27
20962122-2,1470000,220000,2026-09-27
20619147-9,1010000,152000,2026-09-27
13032914-0,1810000,272000,2026-09-27
16060628-6,1090000,164000,2026-09-27
17006680-7,4190000,279000,2026-09-27
21818373-9,2270000,103000,2026-09-27
12855092-9,1910000,134000,2026-09-27
15790905-K,3180000,185000,2026-09-27
10011510-6,4320000,132000,2026-09-27
17304805-6,1330000,141000,2026-09-27
18431386-3,2870000,307000,2026-09-27
21142916-1,4360000,270000,2026-09-27
15118207-K,1870000,255000,2026-09-27
17209641-9,2360000,210000,2026-09-27
18536792-9,1170000,176000,2026-09-27
12795016-3,1330000,113000,2026-09-27
10310143-6,990000,148000,2026-09-27
16986855-1,1460000,219000,2026-09-27
15216031-7,2690000,114000,2026-09-27
11890764-1,1560000,94000,2026-09-27
11547621-2,1250000,188000,2026-09-27
11587875-2,3530000,302000,2026-09-27
12811246-8,1630000,106000,2026-09-27
19406273-6,1420000,104000,2026-09-27
20376008-8,4590000,258000,2026-09-27
10703732-3,2920000,340000,2026-09-27
19088542-K,1330000,114000,2026-09-27
21203217-0,1220000,160000,2026-09-27
16943080-7,2000000,300000,2026-09-27
14890571-3,2900000,176000,2026-09-27
21178396-8,1370000,206000,2026-09-27
20863632-9,3160000,118000,2026-09-27
14595543-0,2190000,314000,2026-09-27
18538003-8,4570000,99000,2026-09-27
11661612-8,3540000,225000,2026-09-27
21503891-2,2720000,243000,2026-09-27
20971026-8,4890000,180000,2026-09-27
13329446-5,4100000,106000,2026-09-27
16643237-6,1410000,212000,2026-09-27
16718484-2,970000,146000,2026-09-27
12848151-K,3420000,214000,2026-09-27
21727432-9,3440000,95000,2026-09-27
18720722-7,3390000,187000,2026-09-27
17507972-1,2850000,151000,2026-09-27
13016625-K,2060000,309000,2026-09-27
20520221-9,4620000,273000,2026-09-27
17538570-9,3860000,332000,2026-09-27
13404136-0,1100000,165000,2026-09-27
16372428-3,2590000,206000,2026-09-27
12725112-5,4070000,280000,2026-09-27
15804637-8,4570000,189000,2026-09-27
16745316-9,2230000,237000,2026-09-27
10931862-0,4300000,266000,2026-09-27
19993557-9,2950000,217000,2026-09-27
15454905-9,3140000,109000,2026-09-27
21498171-3,2850000,341000,2026-09-27
21495996-3,840000,126000,2026-09-27
18242242-9,3290000,128000,2026-09-27
20566232-5,4750000,239000,2026-09-27
19796866-7,1930000,205000,2026-09-27
11058902-4,3850000,222000,2026-09-27
14340317-2,3380000,142000,2026-09-27
12264240-9,2970000,285000,2026-09-27
13323942-1,3540000,140000,2026-09-27
15500987-7,3320000,158000,2026-09-27
11920540-8,2510000,186000,2026-09-27
19010325-1,970000,146000,2026-09-27
13349413-8,2250000,133000,2026-09-27
21429300-0,2490000,338000,2026-09-27
15848372-7,4910000,288000,2026-09-27
16919702-9,1090000,153000,2026-09-27
12706184-9,1320000,198000,2026-09-27
20649334-3,880000,132000,2026-09-27
15810177-8,2460000,259000,2026-09-27
13689535-8,2090000,128000,2026-09-27
10611941-0,3830000,96000,2026-09-27
19146702-2,4500000,339000,2026-09-27
17650862-0,3180000,169000,2026-09-27
15800520-5,1510000,217000,2026-09-27
10139453-4,4590000,255000,2026-09-27
16029193-5,3370000,113000,2026-09-27
11509804-8,3620000,196000,2026-09-27
14576473-2,3200000,272000,2026-09-27
15730804-8,4020000,327000,2026-09-27
17853002-9,4640000,200000,2026-09-27
18778153-5,4280000,174000,2026-09-27
16483082-0,2800000,129000,2026-09-27
21745191-3,1080000,162000,2026-09-27
19927449-1,2120000,246000,2026-09-27
15260771-0,2780000,242000,2026-09-27
18815847-K,1460000,219000,2026-09-27
11328844-4,3900000,261000,2026-09-27
13166244-1,970000,146000,2026-09-27
19645733-8,4770000,257000,2026-09-27
15802010-7,960000,144000,2026-09-27
19045252-3,910000,136000,2026-09-27
13347132-4,1120000,109000,2026-09-27
21801250-0,1480000,222000,2026-09-27
14373563-9,1100000,116000,2026-09-27
20245810-3,4320000,259000,2026-09-27
18590809-1,4810000,166000,2026-09-27
21834184-9,4320000,253000,2026-09-27
12483622-6,1250000,188000,2026-09-27
20033165-4,2070000,128000,2026-09-27
12571901-5,4310000,96000,2026-09-27
15792640-K,1020000,131000,2026-09-27
21160368-4,3420000,284000,2026-09-27
17349339-4,1490000,153000,2026-09-27
10087987-4,1230000,184000,2026-09-27
19492743-5,4700000,154000,2026-09-27
12247799-8,2220000,329000,2026-09-27
21484852-5,850000,128000,2026-09-27
18774408-7,2940000,336000,2026-09-27
19077191-2,2370000,298000,2026-09-27
13071692-6,3810000,346000,2026-09-27
14609599-5,3790000,291000,2026-09-27
21420697-3,1250000,188000,2026-09-27
19055668-K,2680000,206000,2026-09-27
21553401-4,1590000,219000,2026-09-27
18133857-8,2830000,149000,2026-09-27
12415234-3,2330000,315000,2026-09-27
20075416-4,4780000,104000,2026-09-27
17027343-8,3250000,174000,2026-09-27
14839867-6,2280000,114000,2026-09-27
14663877-8,4620000,316000,2026-09-27
18113797-1,3310000,332000,2026-09-27
11634726-7,4200000,134000,2026-09-27
18279061-4,2160000,141000,2026-09-27
22111355-2,2080000,148000,2026-09-27
21502581-0,3710000,132000,2026-09-27
10913408-2,3030000,181000,2026-09-27
19683087-K,2260000,161000,2026-09-27
17847647-4,4720000,275000,2026-09-27
13324669-K,3470000,132000,2026-09-27
11885583-8,3380000,295000,2026-09-27
17595726-5,2710000,141000,2026-09-27
11291464-9,2110000,278000,2026-09-27
15508993-5,4960000,340000,2026-09-27
13495466-8,4030000,242000,2026-09-27
15799190-2,4810000,148000,2026-09-27
12525970-7,1680000,252000,2026-09-27
17252710-K,1920000,169000,2026-09-27
11585576-0,1460000,134000,2026-09-27
18279471-7,2020000,209000,2026-09-27
20068101-9,3090000,331000,2026-09-27
21883479-9,1130000,170000,2026-09-27
11380015-3,3830000,217000,2026-09-27
20222940-6,1390000,177000,2026-09-27
21835501-7,3060000,190000,2026-09-27
21570313-4,900000,135000,2026-09-27
14049916-7,2620000,182000,2026-09-27
16112830-7,3910000,251000,2026-09-27
14892258-8,4130000,245000,2026-09-27
12461780-K,1500000,186000,2026-09-27
14236680-5,1220000,145000,2026-09-27
21553688-2,2690000,93000,2026-09-27
16959080-4,4690000,177000,2026-09-27
12597416-3,4840000,327000,2026-09-27
20293872-5,2680000,207000,2026-09-27
21818075-6,3920000,199000,2026-09-27
12264827-K,3280000,96000,2026-09-27
20637506-5,1210000,182000,2026-09-27
10321983-6,2990000,311000,2026-09-27
20954576-3,1640000,149000,2026-09-27
14985042-9,4090000,223000,2026-09-27
22019732-4,930000,140000,2026-09-27
19445073-6,3330000,314000,2026-09-27
10199918-5,1270000,190000,2026-09-27
12463336-8,1090000,164000,2026-09-27
22047953-2,4710000,332000,2026-09-27
12275598-K,2620000,117000,2026-09-27
16622370-K,3640000,136000,2026-09-27
16442722-8,2960000,229000,2026-09-27
11887005-5,1150000,172000,2026-09-27
21704681-4,1550000,232000,2026-09-27
14503036-4,3860000,196000,2026-09-27
13199762-1,4310000,180000,2026-09-27
17060739-5,4030000,178000,2026-09-27
12840830-8,1330000,186000,2026-09-27
17854614-6,1370000,134000,2026-09-27
16014554-8,1470000,169000,2026-09-27
17296272-8,2650000,276000,2026-09-27
18840140-4,3830000,93000,2026-09-27
22165019-1,3080000,261000,2026-09-27
21156265-1,4130000,150000,2026-09-27
21746819-0,3460000,342000,2026-09-27
10717801-6,4290000,121000,2026-09-27
11910284-6,4110000,94000,2026-09-27
16641163-8,4720000,157000,2026-09-27
15564219-7,3760000,344000,2026-09-27
19669312-0,3000000,133000,2026-09-27
12512671-5,2980000,161000,2026-09-27
21783283-6,870000,130000,2026-09-27
20536107-4,4980000,316000,2026-09-27
12522960-3,1220000,183000,2026-09-27
16933383-6,2780000,236000,2026-09-27
12254188-2,4070000,155000,2026-09-27
14511491-6,970000,146000,2026-09-27
19665795-7,1510000,148000,2026-09-27
19462042-9,1530000,230000,2026-09-27
15544569-3,1830000,177000,2026-09-27
17945056-2,2280000,323000,2026-09-27
19660204-4,3170000,238000,2026-09-27
14677813-8,4190000,156000,2026-09-27
11261827-6,4770000,228000,2026-09-27
13462910-4,1120000,168000,2026-09-27
17386827-4,800000,120000,2026-09-27
20006734-5,1160000,108000,2026-09-27
19085797-3,3190000,261000,2026-09-27
20938369-0,2430000,140000,2026-09-27
10652076-K,1590000,157000,2026-09-27
18160811-7,3870000,274000,2026-09-27
21159218-6,2200000,103000,2026-09-27
13070054-K,4050000,253000,2026-09-27
16091458-4,1070000,160000,2026-09-27
16725575-8,2350000,195000,2026-09-27
14202731-8,2380000,274000,2026-09-27
19163971-0,1580000,207000,2026-09-27
14601709-9,3670000,230000,2026-09-27
14588984-5,4940000,240000,2026-09-27
15810225-1,3500000,341000,2026-09-27
14824657-4,3640000,301000,2026-09-27
17236760-9,2970000,232000,2026-09-27
19693215-K,3060000,99000,2026-09-27
20980837-3,3430000,336000,2026-09-27
12720368-6,3820000,243000,2026-09-27
13097392-9,2640000,259000,2026-09-27
10757673-9,1750000,105000,2026-09-27
16184022-8,4820000,260000,2026-09-27
20254710-6,3270000,328000,2026-09-27
14694919-6,2180000,253000,2026-09-27
11862670-7,3660000,299000,2026-09-27
20602826-8,1280000,192000,2026-09-27
11567073-6,1790000,188000,2026-09-27
19073169-4,4080000,158000,2026-09-27
20039145-2,2470000,319000,2026-09-27
11669534-6,2580000,97000,2026-09-27
17327740-3,3800000,172000,2026-09-27
17839539-3,3510000,172000,2026-09-27
10689026-5,1050000,93000,2026-09-27
18714803-4,3140000,200000,2026-09-27
11626103-6,4470000,109000,2026-09-27
18549775-K,3660000,105000,2026-09-27
19417126-8,2580000,210000,2026-09-27
16070323-0,2920000,262000,2026-09-27
20518210-2,1970000,136000,2026-09-27
16122776-3,2320000,105000,2026-09-27
10989150-9,1730000,245000,2026-09-27
14033665-9,4210000,189000,2026-09-27
10324259-5,4760000,340000,2026-09-27
19031220-9,3720000,113000,2026-09-27
14012073-7,2300000,187000,2026-09-27
15774588-K,3290000,342000,2026-09-27
14606708-8,2970000,226000,2026-09-27
13939268-7,2440000,96000,2026-09-27
10414732-9,1950000,292000,2026-09-27
10105718-K,3990000,97000,2026-09-27
11686112-2,1550000,232000,2026-09-27
18508699-7,2570000,238000,2026-09-27
15716378-3,3820000,92000,2026-09-27
19339484-6,2770000,181000,2026-09-27
13985698-5,2780000,297000,2026-09-27
21804410-0,1130000,170000,2026-09-27
13666989-7,3210000,147000,2026-09-27
17328094-3,4700000,91000,2026-09-27
18878805-8,1850000,218000,2026-09-27
12251373-0,3690000,102000,2026-09-27
12478353-K,4320000,96000,2026-09-27
12587704-4,2220000,171000,2026-09-27
18757659-1,3740000,154000,2026-09-27
14032848-6,2190000,198000,2026-09-27
10710081-5,3580000,322000,2026-09-27
14640641-9,2960000,161000,2026-09-27
21777509-3,3620000,289000,2026-09-27
10078142-4,2720000,266000,2026-09-27
10638366-5,4530000,129000,2026-09-27
19659708-3,3550000,293000,2026-09-27
16704453-6,4100000,238000,2026-09-27
11923022-4,1420000,213000,2026-09-27
20697050-8,2080000,181000,2026-09-27
15738084-9,4300000,328000,2026-09-27
16615999-8,3530000,103000,2026-09-27
13956690-1,3350000,137000,2026-09-27
11206707-5,2960000,152000,2026-09-27
16159431-6,4670000,190000,2026-09-27
19720113-7,4840000,327000,2026-09-27
12491642-4,3790000,165000,2026-09-27
19782171-2,1200000,171000,2026-09-27
12579766-0,3200000,347000,2026-09-27
11500530-9,3340000,121000,2026-09-27
17892578-3,1690000,219000,2026-09-27
20234674-7,1690000,254000,2026-09-27
15223109-5,1720000,218000,2026-09-27
17302931-0,970000,146000,2026-09-27
17942781-1,4820000,134000,2026-09-27
19668833-K,2130000,146000,2026-09-27
14280158-7,2360000,208000,2026-09-27
17399209-9,1460000,219000,2026-09-27
21704785-3,3950000,141000,2026-09-27
13035957-0,2990000,91000,2026-09-27
12734830-7,4620000,103000,2026-09-27
11275626-1,3540000,284000,2026-09-27
10706507-6,3120000,190000,2026-09-27
21583736-K,3070000,137000,2026-09-27
19675433-2,3410000,254000,2026-09-27
19345553-5,2890000,290000,2026-09-27
10677346-3,3250000,185000,2026-09-27
19626712-1,3970000,338000,2026-09-27
13304092-7,2120000,151000,2026-09-27
17278512-5,2120000,280000,2026-09-27
14927907-1,3480000,165000,2026-09-27
14585696-3,810000,122000,2026-09-27
14389478-8,4860000,138000,2026-09-27
15277783-7,4450000,109000,2026-09-27
15260243-3,3900000,265000,2026-09-27
11965655-8,2710000,106000,2026-09-27
16715817-5,1560000,198000,2026-09-27
20508601-4,4030000,207000,2026-09-27
19354460-0,3410000,218000,2026-09-27
17299316-K,3760000,122000,2026-09-27
13332251-5,4100000,135000,2026-09-27
12274008-7,2660000,175000,2026-09-27
21456529-9,2940000,326000,2026-09-27
16408868-7,3940000,118000,2026-09-27
14047581-0,1960000,151000,2026-09-27
12205185-0,1220000,183000,2026-09-27
17281887-2,3390000,91000,2026-09-27
18206023-3,3680000,165000,2026-09-27
14671894-1,2050000,193000,2026-09-27
16609103-K,4570000,241000,2026-09-27
15854752-0,1900000,285000,2026-09-27
19611530-5,4740000,238000,2026-09-27
18829303-2,4610000,248000,2026-09-27
13054558-7,2140000,233000,2026-09-27
17357849-7,4240000,92000,2026-09-27
21516438-1,2420000,126000,2026-09-27
21428768-K,4060000,282000,2026-09-27
20890267-3,4400000,238000,2026-09-27
18778521-2,1560000,150000,2026-09-27
10709323-1,2030000,283000,2026-09-27
12856260-9,4480000,294000,2026-09-27
21205047-0,3770000,137000,2026-09-27
18222398-1,3570000,345000,2026-09-27
14388086-8,2510000,349000,2026-09-27
12137747-2,2200000,281000,2026-09-27
20898435-1,1840000,196000,2026-09-27
17948019-4,4660000,227000,2026-09-27
12898232-2,3000000,183000,2026-09-27
11884191-8,4270000,97000,2026-09-27
11504248-4,2650000,147000,2026-09-27
17536226-1,4230000,274000,2026-09-27
17558209-1,2220000,326000,2026-09-27
12803406-8,1480000,98000,2026-09-27
13108143-0,1970000,296000,2026-09-27
16188050-5,1240000,186000,2026-09-27
17815724-7,3990000,157000,2026-09-27
14621946-5,2830000,185000,2026-09-27
10111585-6,4840000,146000,2026-09-27
15732400-0,2030000,250000,2026-09-27
18218538-9,2260000,170000,2026-09-27
10023666-3,1730000,151000,2026-09-27
20231798-4,1300000,113000,2026-09-27
19066244-7,910000,136000,2026-09-27
19320946-1,1570000,236000,2026-09-27
11903303-8,4880000,113000,2026-09-27
13369443-9,3230000,149000,2026-09-27
20964534-2,3730000,261000,2026-09-27
17300179-3,2930000,108000,2026-09-27
16336096-6,1870000,143000,2026-09-27
18226422-K,1390000,116000,2026-09-27
18864463-3,4770000,296000,2026-09-27
16320985-0,3280000,182000,2026-09-27
21206444-7,2560000,144000,2026-09-27
19096719-1,2730000,109000,2026-09-27
21861494-2,3130000,318000,2026-09-27
10736976-8,3420000,250000,2026-09-27
13023782-3,3590000,107000,2026-09-27
19303930-2,2710000,146000,2026-09-27
13321382-1,3470000,103000,2026-09-27
14319309-7,1100000,165000,2026-09-27
11631079-7,3860000,346000,2026-09-27
10446456-1,4650000,303000,2026-09-27
18407284-K,3290000,274000,2026-09-27
13436583-2,4640000,239000,2026-09-27
12228725-0,2940000,331000,2026-09-27
21450020-0,2970000,253000,2026-09-27
16403543-5,1950000,241000,2026-09-27
19441065-3,4750000,243000,2026-09-27
14545641-8,960000,110000,2026-09-27
21215303-2,4250000,189000,2026-09-27
18540727-0,1960000,294000,2026-09-27
18409019-8,1470000,180000,2026-09-27
10087550-K,3750000,242000,2026-09-27
12260631-3,4160000,252000,2026-09-27
21160262-9,3930000,343000,2026-09-27
18154209-4,1360000,158000,2026-09-27
12402322-5,3350000,120000,2026-09-27
11859675-1,2350000,182000,2026-09-27
11238102-0,1670000,118000,2026-09-27
11263336-4,3680000,177000,2026-09-27
12756542-1,4460000,207000,2026-09-27
15164425-1,4620000,197000,2026-09-27
18214669-3,4750000,189000,2026-09-27
11932855-0,1730000,117000,2026-09-27
21784754-K,1880000,125000,2026-09-27
14987316-K,3290000,241000,2026-09-27
13043314-2,4680000,123000,2026-09-27
17285395-3,4510000,285000,2026-09-27
11675745-7,3760000,303000,2026-09-27
12448024-3,2960000,303000,2026-09-27
20860980-1,880000,132000,2026-09-27
17052859-2,950000,100000,2026-09-27
12105235-2,3080000,198000,2026-09-27
10472452-0,4260000,137000,2026-09-27
16651187-K,1060000,159000,2026-09-27
17029037-5,3880000,326000,2026-09-27
13761155-2,2860000,253000,2026-09-27
16788534-4,4270000,343000,2026-09-27
11560669-8,2040000,114000,2026-09-27
15431821-9,2810000,157000,2026-09-27
10112652-1,1650000,248000,2026-09-27
16679873-7,4530000,224000,2026-09-27
14615615-3,4410000,172000,2026-09-27
20634160-8,3180000,147000,2026-09-27
15867102-7,3160000,181000,2026-09-27
19119100-0,2980000,94000,2026-09-27
14664986-9,830000,124000,2026-09-27
20874364-8,2760000,276000,2026-09-27
17628839-6,2220000,107000,2026-09-27
10010037-0,4960000,138000,2026-09-27
19366100-3,3770000,108000,2026-09-27
12106538-1,4150000,266000,2026-09-27
16668288-7,3670000,222000,2026-09-27
21288099-6,830000,124000,2026-09-27
15454809-5,2370000,342000,2026-09-27
13439596-0,2160000,167000,2026-09-27
16345059-0,3970000,186000,2026-09-27
13034665-7,4070000,328000,2026-09-27
17026872-8,4400000,288000,2026-09-27
13498187-8,1910000,170000,2026-09-27
15725209-3,2840000,185000,2026-09-27
11241542-1,1660000,249000,2026-09-27
10732608-2,3250000,97000,2026-09-27
10465825-0,1720000,258000,2026-09-27
10353634-3,3640000,328000,2026-09-27
11959082-4,3480000,233000,2026-09-27
14600108-7,4560000,297000,2026-09-27
18859949-2,2050000,268000,2026-09-27
11698221-3,3010000,151000,2026-09-27
12526710-6,2880000,215000,2026-09-27
12785773-2,4140000,238000,2026-09-27
14952308-8,2680000,236000,2026-09-27
20908394-8,4470000,261000,2026-09-27
10086472-9,2650000,208000,2026-09-27
15734251-3,4180000,134000,2026-09-27
20970918-9,2060000,151000,2026-09-27
17850705-1,4460000,340000,2026-09-27
16084530-2,1700000,255000,2026-09-27
17975018-3,3060000,151000,2026-09-27
11957142-0,4740000,125000,2026-09-27
21571158-7,2550000,310000,2026-09-27
21100206-0,4210000,296000,2026-09-27
18559471-2,3080000,220000,2026-09-27
13021747-4,3130000,344000,2026-09-27
10038153-1,3830000,228000,2026-09-27
13773535-9,3130000,106000,2026-09-27
10108435-7,1250000,170000,2026-09-27
19050074-9,3280000,128000,2026-09-27
18708947-K,1570000,135000,2026-09-27
11890872-9,4860000,121000,2026-09-27
18589779-0,4030000,175000,2026-09-27
11660687-4,2310000,222000,2026-09-27
20633749-K,4420000,333000,2026-09-27
15825193-1,1320000,168000,2026-09-27
16043297-0,4890000,310000,2026-09-27
22159037-7,3030000,300000,2026-09-27
18515072-5,1700000,187000,2026-09-27
19764500-0,3800000,320000,2026-09-27
19730513-7,4730000,205000,2026-09-27
11649473-1,3120000,338000,2026-09-27
12735601-6,2970000,300000,2026-09-27
19136026-0,2220000,176000,2026-09-27
18581667-7,970000,146000,2026-09-27
19124761-8,4180000,211000,2026-09-27
11381315-8,1920000,288000,2026-09-27
22005189-3,4730000,218000,2026-09-27
19708805-5,2240000,251000,2026-09-27
15541637-5,2990000,122000,2026-09-27
11242977-5,2650000,314000,2026-09-27
16497607-8,4870000,113000,2026-09-27
14258191-9,3740000,171000,2026-09-27
21136842-1,1130000,119000,2026-09-27
16425032-8,2150000,272000,2026-09-27
15480367-2,1690000,200000,2026-09-27
14527618-5,2350000,137000,2026-09-27
10782681-6,4460000,185000,2026-09-27
20937657-0,3110000,319000,2026-09-27
15852361-3,1990000,230000,2026-09-27
15150831-5,4900000,153000,2026-09-27
14669430-9,4480000,193000,2026-09-27
14007333-K,2400000,121000,2026-09-27
15580555-K,1870000,120000,2026-09-27
19332820-7,1350000,202000,2026-09-27
14564639-K,4540000,97000,2026-09-27
18828013-5,2380000,297000,2026-09-27
11866324-6,2280000,124000,2026-09-27
21209867-8,4940000,251000,2026-09-27
14288233-1,2850000,285000,2026-09-27
20819069-K,1280000,192000,2026-09-27
13130668-8,3490000,109000,2026-09-27
11074841-6,1830000,110000,2026-09-27
11638415-4,1250000,188000,2026-09-27
18242070-1,3390000,258000,2026-09-27
12508716-7,2830000,164000,2026-09-27
22082059-5,3300000,150000,2026-09-27
14643958-9,2940000,175000,2026-09-27
17208777-0,3870000,249000,2026-09-27
12140932-3,4550000,279000,2026-09-27
13771167-0,3620000,199000,2026-09-27
13993445-5,1420000,171000,2026-09-27
16137675-0,2770000,226000,2026-09-27
12469755-2,4580000,282000,2026-09-27
21457395-K,4910000,200000,2026-09-27
17662864-2,2740000,327000,2026-09-27
12801303-6,1670000,250000,2026-09-27
15818760-5,2300000,319000,2026-09-27
15842474-7,3700000,139000,2026-09-27
11273271-0,4260000,133000,2026-09-27
21175118-7,960000,129000,2026-09-27
10701459-5,3400000,240000,2026-09-27
12206453-7,3440000,319000,2026-09-27
14810241-6,4210000,244000,2026-09-27
17861107-K,990000,148000,2026-09-27
10173628-1,4780000,118000,2026-09-27
20564896-9,950000,91000,2026-09-27
17661047-6,2810000,180000,2026-09-27
15520215-4,1530000,159000,2026-09-27
17076275-7,970000,146000,2026-09-27
20927105-1,1990000,298000,2026-09-27
10400091-3,2080000,293000,2026-09-27
19934722-7,4240000,204000,2026-09-27
19983561-2,2540000,242000,2026-09-27
12826841-7,4210000,134000,2026-09-27
19118780-1,3040000,250000,2026-09-27
19140980-4,1590000,117000,2026-09-27
15520432-7,1050000,158000,2026-09-27
12759615-7,1190000,95000,2026-09-27
16158710-7,1810000,272000,2026-09-27
10961239-1,3340000,91000,2026-09-27
19730155-7,2140000,258000,2026-09-27
19350763-2,1080000,162000,2026-09-27
19195577-9,2540000,236000,2026-09-27
16435834-K,880000,132000,2026-09-27
13000991-K,1900000,285000,2026-09-27
14953881-6,1790000,135000,2026-09-27
11586875-7,2080000,168000,2026-09-27
12854992-0,3060000,191000,2026-09-27
10023709-0,4840000,138000,2026-09-27
12707658-7,4990000,272000,2026-09-27
13723212-8,2600000,227000,2026-09-27
17649679-7,4710000,293000,2026-09-27
21557092-4,1210000,161000,2026-09-27
11512053-1,4080000,255000,2026-09-27
16066367-0,1400000,121000,2026-09-27
15738943-9,2900000,227000,2026-09-27
18782157-K,2940000,102000,2026-09-27
13361211-4,930000,140000,2026-09-27
10367840-7,4870000,203000,2026-09-27
14323348-K,2170000,326000,2026-09-27
21595431-5,3860000,325000,2026-09-27
13013293-2,3010000,236000,2026-09-27
12241648-4,1220000,183000,2026-09-27
14670187-9,4450000,166000,2026-09-27
10691778-3,2810000,284000,2026-09-27
16171812-0,1580000,112000,2026-09-27
10696387-4,1720000,258000,2026-09-27
13103988-4,4270000,243000,2026-09-27
11325528-7,1330000,117000,2026-09-27
17556592-8,1950000,176000,2026-09-27
10974189-2,3050000,115000,2026-09-27
13482857-3,4480000,327000,2026-09-27
21109040-7,4970000,273000,2026-09-27
18552528-1,4840000,250000,2026-09-27
16121293-6,4670000,184000,2026-09-27
17669356-8,1200000,180000,2026-09-27
17956153-4,1140000,122000,2026-09-27
11565790-K,3930000,349000,2026-09-27
12501685-5,3550000,135000,2026-09-27
20007598-4,2540000,346000,2026-09-27
11926230-4,3860000,163000,2026-09-27
12165128-0,4020000,232000,2026-09-27
17880331-9,4230000,336000,2026-09-27
19438628-0,4910000,214000,2026-09-27
13161188-K,3610000,118000,2026-09-27
22114749-K,4650000,289000,2026-09-27
11527951-4,4730000,255000,2026-09-27
20392353-K,3090000,97000,2026-09-27
19327616-9,1230000,184000,2026-09-27
16453658-2,4890000,338000,2026-09-27
10117073-3,4110000,341000,2026-09-27
15102739-2,1520000,228000,2026-09-27
10161765-7,2330000,114000,2026-09-27
18233147-4,3960000,323000,2026-09-27
11261161-1,2080000,122000,2026-09-27
13791431-8,2650000,260000,2026-09-27
21889925-4,4410000,151000,2026-09-27
16052619-3,3760000,181000,2026-09-27
19357346-5,4930000,98000,2026-09-27
17003437-9,1710000,210000,2026-09-27
15540339-7,3550000,177000,2026-09-27
17688484-3,4930000,229000,2026-09-27
20670957-5,4080000,119000,2026-09-27
16487307-4,930000,140000,2026-09-27
17803156-1,2210000,148000,2026-09-27
20961811-6,3560000,299000,2026-09-27
18826152-1,3320000,327000,2026-09-27
12463160-8,1450000,218000,2026-09-27
15707518-3,1150000,172000,2026-09-27
17596919-0,2600000,267000,2026-09-27
10457743-9,3210000,314000,2026-09-27
21219994-6,4680000,157000,2026-09-27
13938432-3,4710000,215000,2026-09-27
16734045-3,2770000,294000,2026-09-27
20947644-3,4670000,144000,2026-09-27
15171427-6,3630000,163000,2026-09-27
20523850-7,2690000,235000,2026-09-27
10138138-6,1000000,143000,2026-09-27
10487856-0,3140000,191000,2026-09-27
10997517-6,860000,129000,2026-09-27
18275658-0,1140000,171000,2026-09-27
12785355-9,1620000,142000,2026-09-27
21712561-7,880000,132000,2026-09-27
17564186-1,4130000,311000,2026-09-27
19929107-8,3850000,252000,2026-09-27
20843789-K,910000,136000,2026-09-27
21204136-6,1700000,135000,2026-09-27
20943036-2,3460000,158000,2026-09-27
10308520-1,3040000,272000,2026-09-27
16988457-3,4180000,310000,2026-09-27
12724114-6,3900000,186000,2026-09-27
18805442-9,1690000,224000,2026-09-27
21107064-3,4690000,315000,2026-09-27
16682434-7,1430000,214000,2026-09-27
20341572-0,4590000,212000,2026-09-27
10001172-6,4900000,262000,2026-09-27
12768333-5,4290000,268000,2026-09-27
20979364-3,3300000,275000,2026-09-27
14289221-3,2340000,323000,2026-09-27
15507688-4,2440000,284000,2026-09-27
11865615-0,4430000,285000,2026-09-27
15478244-6,1760000,202000,2026-09-27
14391049-K,1610000,236000,2026-09-27
19628904-4,2650000,257000,2026-09-27
15566646-0,1570000,120000,2026-09-27
19931624-0,2760000,115000,2026-09-27
11069167-8,1250000,188000,2026-09-27
20841580-2,3880000,347000,2026-09-27
22144236-K,2960000,111000,2026-09-27
18873323-7,3320000,319000,2026-09-27
15473979-6,3860000,306000,2026-09-27
14998924-9,2420000,193000,2026-09-27
11388061-0,4440000,159000,2026-09-27
15722909-1,2480000,279000,2026-09-27
20908742-0,4370000,247000,2026-09-27
20224551-7,2020000,246000,2026-09-27
16378210-0,3180000,135000,2026-09-27
15181348-7,2600000,332000,2026-09-27
15567875-2,2370000,234000,2026-09-27
19386986-0,1620000,99000,2026-09-27
12433060-8,2930000,225000,2026-09-27
17949583-3,2830000,248000,2026-09-27
11525760-K,3780000,209000,2026-09-27
21228015-8,3640000,180000,2026-09-27
15866261-3,4440000,174000,2026-09-27
10705416-3,4190000,188000,2026-09-27
21137624-6,1870000,109000,2026-09-27
12139770-8,3190000,230000,2026-09-27
16111660-0,1340000,201000,2026-09-27
14634413-8,4620000,129000,2026-09-27
11983734-K,910000,124000,2026-09-27
22087040-1,1580000,237000,2026-09-27
15276061-6,1200000,180000,2026-09-27
21188488-8,1980000,297000,2026-09-27
18842413-7,1790000,139000,2026-09-27
13746236-0,4110000,283000,2026-09-27
10460464-9,2000000,116000,2026-09-27
14226835-8,2670000,125000,2026-09-27
17039713-7,3310000,332000,2026-09-27
17915746-6,2760000,140000,2026-09-27
11849540-8,1650000,171000,2026-09-27
10691524-1,4570000,176000,2026-09-27
18834370-6,2430000,204000,2026-09-27
13947837-9,3400000,250000,2026-09-27
18284825-6,1440000,216000,2026-09-27
17219738-K,3240000,227000,2026-09-27
20504816-3,1360000,204000,2026-09-27
10657302-2,3330000,303000,2026-09-27
19163526-K,2350000,253000,2026-09-27
19463925-1,1450000,213000,2026-09-27
10134338-7,1150000,171000,2026-09-27
16712547-1,4250000,112000,2026-09-27
16003416-9,1790000,194000,2026-09-27
13665401-6,3740000,217000,2026-09-27
20376627-2,4970000,194000,2026-09-27
10738150-4,870000,130000,2026-09-27
21187002-K,3210000,180000,2026-09-27
16330828-K,1440000,216000,2026-09-27
17299856-0,1920000,288000,2026-09-27
20603263-K,2570000,273000,2026-09-27
11821052-7,2810000,219000,2026-09-27
20540373-7,2670000,115000,2026-09-27
22081298-3,3970000,147000,2026-09-27
19391880-2,4350000,287000,2026-09-27
19700874-4,3400000,304000,2026-09-27
14881088-7,2260000,204000,2026-09-27
21885185-5,2550000,233000,2026-09-27
17838056-6,3900000,243000,2026-09-27
12812027-4,1120000,98000,2026-09-27
12878677-9,3740000,284000,2026-09-27
21223127-0,2430000,136000,2026-09-27
12450916-0,1700000,115000,2026-09-27
21471469-3,4470000,164000,2026-09-27
17804796-4,1760000,178000,2026-09-27
19457442-7,3070000,262000,2026-09-27
11251288-5,3690000,224000,2026-09-27
21746284-2,3530000,146000,2026-09-27
10489212-1,4100000,156000,2026-09-27
16923448-K,3020000,217000,2026-09-27
21241297-6,3370000,332000,2026-09-27
12171918-7,3840000,129000,2026-09-27
19725720-5,3310000,173000,2026-09-27
22147016-9,4870000,317000,2026-09-27
21242480-K,2110000,98000,2026-09-27
17042516-5,3750000,209000,2026-09-27
11339789-8,1370000,167000,2026-09-27
11093807-K,1090000,164000,2026-09-27
19968504-1,3860000,217000,2026-09-27
11311155-2,3450000,129000,2026-09-27
11566993-2,1240000,165000,2026-09-27
10380249-3,2230000,186000,2026-09-27
19393088-8,3040000,164000,2026-09-27
11097085-2,3080000,297000,2026-09-27
21224518-2,1800000,225000,2026-09-27
13135617-0,1900000,144000,2026-09-27
22172803-4,1960000,294000,2026-09-27
11935756-9,4560000,172000,2026-09-27
21113438-2,2950000,145000,2026-09-27
11959441-2,2880000,191000,2026-09-27
13451991-0,4790000,349000,2026-09-27
12739988-2,3730000,95000,2026-09-27
21197880-7,2300000,210000,2026-09-27
21104274-7,2190000,223000,2026-09-27
16449838-9,1140000,171000,2026-09-27
11069112-0,4970000,94000,2026-09-27
17627143-4,1640000,214000,2026-09-27
20832264-2,2670000,337000,2026-09-27
17801776-3,2050000,111000,2026-09-27
10718018-5,3630000,212000,2026-09-27
10088381-2,2420000,146000,2026-09-27
20071279-8,2360000,172000,2026-09-27
21179233-9,2950000,303000,2026-09-27
21206568-0,2080000,196000,2026-09-27
10776933-2,3110000,256000,2026-09-27
20841639-6,2990000,284000,2026-09-27
14937692-1,3750000,184000,2026-09-27
16359746-K,4550000,200000,2026-09-27
11331675-8,1090000,164000,2026-09-27
22077966-8,4750000,241000,2026-09-27
21757490-K,3330000,317000,2026-09-27
21115413-8,2620000,269000,2026-09-27
14953835-2,2860000,315000,2026-09-27
13064946-3,2940000,160000,2026-09-27
