rut,primas_pendientes,edad,gastos_adeudados,fecha_archivo
15222981-3,1,43,33900,2026-09-27
10154091-3,1,60,48500,2026-09-27
15728623-0,0,41,0,2026-09-27
14557731-2,2,45,42700,2026-09-27
11373428-2,1,56,16300,2026-09-27
13612216-2,0,48,0,2026-09-27
17251335-4,0,36,0,2026-09-27
16600182-0,0,38,0,2026-09-27
21884885-4,1,21,51000,2026-09-27
10644932-1,0,58,0,2026-09-27
14611366-7,3,45,50700,2026-09-27
13648016-6,0,48,0,2026-09-27
17589286-4,0,35,0,2026-09-27
13030638-8,0,50,0,2026-09-27
20212178-8,0,26,0,2026-09-27
14505590-1,1,45,59500,2026-09-27
19479150-9,0,29,0,2026-09-27
13740581-2,0,48,0,2026-09-27
18759694-0,1,31,13200,2026-09-27
16489131-5,0,39,0,2026-09-27
20002763-7,0,27,0,2026-09-27
10492215-2,3,59,49500,2026-09-27
19166464-2,0,30,0,2026-09-27
20979167-5,3,24,36900,2026-09-27
14550041-7,0,45,0,2026-09-27
12160000-7,2,53,56300,2026-09-27
13690056-4,2,48,68800,2026-09-27
14535528-K,0,45,0,2026-09-27
21186017-2,1,23,27100,2026-09-27
16136509-0,2,40,19800,2026-09-27
19797486-1,0,28,0,2026-09-27
13080062-5,0,50,0,2026-09-27
11899869-8,0,54,0,2026-09-27
10081691-0,2,60,51300,2026-09-27
10097311-0,0,60,0,2026-09-27
12268240-0,0,53,0,2026-09-27
19121404-3,0,30,0,2026-09-27
11267779-5,2,56,50300,2026-09-27
22064555-6,0,20,0,2026-09-27
16766866-1,1,38,28500,2026-09-27
15285782-2,2,43,58500,2026-09-27
14333480-4,2,46,73000,2026-09-27
22166363-3,0,20,0,2026-09-27
12551220-8,0,52,0,2026-09-27
19683275-9,0,28,0,2026-09-27
18730227-0,0,31,0,2026-09-27
11513521-0,0,55,0,2026-09-27
19747844-9,2,28,45100,2026-09-27
13433377-9,0,49,0,2026-09-27
10091797-0,0,60,0,2026-09-27
16910898-0,3,37,95700,2026-09-27
12472968-3,1,52,13300,2026-09-27
10117071-7,2,60,123300,2026-09-27
12716778-7,0,51,0,2026-09-27
16427669-6,3,39,31800,2026-09-27
14695627-3,3,45,61800,2026-09-27
13749617-6,1,48,24600,2026-09-27
13995838-9,3,47,45500,2026-09-27
13446227-7,0,49,0,2026-09-27
21890872-5,1,21,15100,2026-09-27
21474623-4,0,22,0,2026-09-27
13086168-3,1,50,21300,2026-09-27
13976662-5,2,47,107800,2026-09-27
17913454-7,2,34,85700,2026-09-27
16734342-8,1,38,36100,2026-09-27
19079700-8,0,30,0,2026-09-27
14934244-K,0,44,0,2026-09-27
10194678-2,3,60,48000,2026-09-27
17604773-9,2,35,33500,2026-09-27
10036497-1,0,60,0,2026-09-27
13698681-7,1,48,16300,2026-09-27
11070120-7,0,57,0,2026-09-27
14525252-9,1,45,22900,2026-09-27
22088265-5,1,20,25300,2026-09-27
16461156-8,0,39,0,2026-09-27
16311052-8,0,39,0,2026-09-27
19702079-5,0,28,0,2026-09-27
13104605-8,1,50,32100,2026-09-27
20962122-2,0,24,0,2026-09-27
20619147-9,2,25,44900,2026-09-27
13032914-0,0,50,0,2026-09-27
16060628-6,1,40,22700,2026-09-27
17006680-7,2,37,89100,2026-09-27
21818373-9,0,21,0,2026-09-27
12855092-9,2,51,29100,2026-09-27
15790905-K,0,41,0,2026-09-27
10011510-6,3,60,39600,2026-09-27
17304805-6,2,36,55400,2026-09-27
18431386-3,1,32,38600,2026-09-27
21142916-1,1,23,33200,2026-09-27
15118207-K,1,43,45200,2026-09-27
17209641-9,3,36,93700,2026-09-27
18536792-9,1,32,29700,2026-09-27
12795016-3,2,51,41900,2026-09-27
10310143-6,3,59,44400,2026-09-27
16986855-1,0,37,0,2026-09-27
15216031-7,0,43,0,2026-09-27
11890764-1,0,54,0,2026-09-27
11547621-2,0,55,0,2026-09-27
11587875-2,0,55,0,2026-09-27
12811246-8,0,51,0,2026-09-27
19406273-6,2,29,25500,2026-09-27
20376008-8,2,26,68100,2026-09-27
10703732-3,3,58,193700,2026-09-27
19088542-K,3,30,34200,2026-09-27
21203217-0,0,23,0,2026-09-27
16943080-7,0,37,0,2026-09-27
14890571-3,0,44,0,2026-09-27
21178396-8,2,23,74600,2026-09-27
20863632-9,1,24,18400,2026-09-27
14595543-0,1,45,44300,2026-09-27
18538003-8,3,32,29700,2026-09-27
11661612-8,0,55,0,2026-09-27
21503891-2,0,22,0,2026-09-27
20971026-8,0,24,0,2026-09-27
13329446-5,1,49,18300,2026-09-27
16643237-6,2,38,76100,2026-09-27
16718484-2,0,38,0,2026-09-27
12848151-K,0,51,0,2026-09-27
21727432-9,0,21,0,2026-09-27
18720722-7,0,31,0,2026-09-27
17507972-1,2,35,34900,2026-09-27
13016625-K,1,50,40500,2026-09-27
20520221-9,0,25,0,2026-09-27
17538570-9,0,35,0,2026-09-27
13404136-0,1,49,32500,2026-09-27
16372428-3,0,39,0,2026-09-27
12725112-5,3,51,84000,2026-09-27
15804637-8,1,41,37300,2026-09-27
16745316-9,0,38,0,2026-09-27
10931862-0,0,57,0,2026-09-27
19993557-9,2,27,55000,2026-09-27
15454905-9,2,42,41800,2026-09-27
21498171-3,1,22,51700,2026-09-27
21495996-3,0,22,0,2026-09-27
18242242-9,1,33,16300,2026-09-27
20566232-5,2,25,50900,2026-09-27
19796866-7,0,28,0,2026-09-27
11058902-4,2,57,66200,2026-09-27
14340317-2,0,46,0,2026-09-27
12264240-9,0,53,0,2026-09-27
13323942-1,0,49,0,2026-09-27
15500987-7,2,42,51300,2026-09-27
11920540-8,1,54,25700,2026-09-27
19010325-1,1,30,18600,2026-09-27
13349413-8,2,49,35700,2026-09-27
21429300-0,2,22,134900,2026-09-27
15848372-7,3,41,86400,2026-09-27
16919702-9,0,37,0,2026-09-27
12706184-9,1,51,24700,2026-09-27
20649334-3,0,25,0,2026-09-27
15810177-8,1,41,45600,2026-09-27
13689535-8,0,48,0,2026-09-27
10611941-0,2,58,34500,2026-09-27
19146702-2,0,30,0,2026-09-27
17650862-0,1,35,26700,2026-09-27
15800520-5,2,41,43700,2026-09-27
10139453-4,2,60,56500,2026-09-27
16029193-5,2,40,38500,2026-09-27
11509804-8,0,55,0,2026-09-27
14576473-2,0,45,0,2026-09-27
15730804-8,0,41,0,2026-09-27
17853002-9,2,34,63000,2026-09-27
18778153-5,0,31,0,2026-09-27
16483082-0,2,39,42300,2026-09-27
21745191-3,3,21,70900,2026-09-27
19927449-1,0,27,0,2026-09-27
15260771-0,2,43,53500,2026-09-27
18815847-K,1,31,33500,2026-09-27
11328844-4,2,56,67500,2026-09-27
13166244-1,0,50,0,2026-09-27
19645733-8,0,28,0,2026-09-27
15802010-7,0,41,0,2026-09-27
19045252-3,2,30,31500,2026-09-27
13347132-4,3,49,65300,2026-09-27
21801250-0,0,21,0,2026-09-27
14373563-9,0,46,0,2026-09-27
20245810-3,0,26,0,2026-09-27
18590809-1,2,32,59000,2026-09-27
21834184-9,2,21,53500,2026-09-27
12483622-6,0,52,0,2026-09-27
20033165-4,1,27,16300,2026-09-27
12571901-5,0,52,0,2026-09-27
15792640-K,1,41,24100,2026-09-27
21160368-4,2,23,93800,2026-09-27
17349339-4,1,36,29300,2026-09-27
10087987-4,2,60,51100,2026-09-27
19492743-5,0,29,0,2026-09-27
12247799-8,0,53,0,2026-09-27
21484852-5,0,22,0,2026-09-27
18774408-7,0,31,0,2026-09-27
19077191-2,0,30,0,2026-09-27
13071692-6,0,50,0,2026-09-27
14609599-5,1,45,44800,2026-09-27
21420697-3,1,22,34900,2026-09-27
19055668-K,2,30,80000,2026-09-27
21553401-4,0,22,0,2026-09-27
18133857-8,0,33,0,2026-09-27
12415234-3,0,52,0,2026-09-27
20075416-4,3,27,31200,2026-09-27
17027343-8,0,37,0,2026-09-27
14839867-6,0,44,0,2026-09-27
14663877-8,0,45,0,2026-09-27
18113797-1,3,33,99600,2026-09-27
11634726-7,2,55,44800,2026-09-27
18279061-4,0,33,0,2026-09-27
22111355-2,3,20,88300,2026-09-27
21502581-0,1,22,15000,2026-09-27
10913408-2,1,57,34900,2026-09-27
19683087-K,2,28,60100,2026-09-27
17847647-4,0,34,0,2026-09-27
13324669-K,2,49,49200,2026-09-27
11885583-8,1,54,51600,2026-09-27
17595726-5,0,35,0,2026-09-27
11291464-9,2,56,89400,2026-09-27
15508993-5,0,42,0,2026-09-27
13495466-8,2,49,72300,2026-09-27
15799190-2,0,41,0,2026-09-27
12525970-7,0,52,0,2026-09-27
17252710-K,1,36,31700,2026-09-27
11585576-0,1,55,16500,2026-09-27
18279471-7,0,33,0,2026-09-27
20068101-9,1,27,48400,2026-09-27
21883479-9,2,21,65900,2026-09-27
11380015-3,1,56,31900,2026-09-27
20222940-6,0,26,0,2026-09-27
21835501-7,1,21,32900,2026-09-27
21570313-4,0,22,0,2026-09-27
14049916-7,1,47,29400,2026-09-27
16112830-7,0,40,0,2026-09-27
14892258-8,0,44,0,2026-09-27
12461780-K,0,52,0,2026-09-27
14236680-5,3,46,43500,2026-09-27
21553688-2,0,22,0,2026-09-27
16959080-4,0,37,0,2026-09-27
12597416-3,2,52,130200,2026-09-27
20293872-5,1,26,41100,2026-09-27
21818075-6,0,21,0,2026-09-27
12264827-K,0,53,0,2026-09-27
20637506-5,2,25,69700,2026-09-27
10321983-6,0,59,0,2026-09-27
20954576-3,2,24,44100,2026-09-27
14985042-9,1,44,30500,2026-09-27
22019732-4,2,20,43700,2026-09-27
19445073-6,0,29,0,2026-09-27
10199918-5,0,60,0,2026-09-27
12463336-8,1,52,30100,2026-09-27
22047953-2,2,20,112200,2026-09-27
12275598-K,3,53,59500,2026-09-27
16622370-K,0,38,0,2026-09-27
16442722-8,1,39,41200,2026-09-27
11887005-5,1,54,33500,2026-09-27
21704681-4,0,21,0,2026-09-27
14503036-4,2,45,61700,2026-09-27
13199762-1,2,50,69200,2026-09-27
17060739-5,0,37,0,2026-09-27
12840830-8,0,51,0,2026-09-27
17854614-6,0,34,0,2026-09-27
16014554-8,2,40,67000,2026-09-27
17296272-8,0,36,0,2026-09-27
18840140-4,2,31,30900,2026-09-27
22165019-1,0,20,0,2026-09-27
21156265-1,2,23,57500,2026-09-27
21746819-0,0,21,0,2026-09-27
10717801-6,1,58,16300,2026-09-27
11910284-6,0,54,0,2026-09-27
16641163-8,0,38,0,2026-09-27
15564219-7,0,42,0,2026-09-27
19669312-0,2,28,34700,2026-09-27
12512671-5,0,52,0,2026-09-27
21783283-6,2,21,27600,2026-09-27
20536107-4,2,25,100100,2026-09-27
12522960-3,0,52,0,2026-09-27
16933383-6,0,37,0,2026-09-27
12254188-2,1,53,30700,2026-09-27
14511491-6,0,45,0,2026-09-27
19665795-7,0,28,0,2026-09-27
19462042-9,0,29,0,2026-09-27
15544569-3,3,42,54600,2026-09-27
17945056-2,1,34,46900,2026-09-27
19660204-4,0,28,0,2026-09-27
14677813-8,0,45,0,2026-09-27
11261827-6,0,56,0,2026-09-27
13462910-4,1,49,24500,2026-09-27
17386827-4,0,36,0,2026-09-27
20006734-5,0,27,0,2026-09-27
19085797-3,0,30,0,2026-09-27
20938369-0,0,24,0,2026-09-27
10652076-K,1,58,24700,2026-09-27
18160811-7,0,33,0,2026-09-27
21159218-6,3,23,42900,2026-09-27
13070054-K,2,50,87000,2026-09-27
16091458-4,3,40,72700,2026-09-27
16725575-8,0,38,0,2026-09-27
14202731-8,3,46,141900,2026-09-27
19163971-0,0,30,0,2026-09-27
14601709-9,0,45,0,2026-09-27
14588984-5,2,45,54300,2026-09-27
15810225-1,0,41,0,2026-09-27
14824657-4,0,44,0,2026-09-27
17236760-9,3,36,69600,2026-09-27
19693215-K,3,28,29700,2026-09-27
20980837-3,0,24,0,2026-09-27
12720368-6,0,51,0,2026-09-27
13097392-9,0,50,0,2026-09-27
10757673-9,3,58,37900,2026-09-27
16184022-8,1,40,31500,2026-09-27
20254710-6,1,26,55100,2026-09-27
14694919-6,1,45,44700,2026-09-27
11862670-7,0,54,0,2026-09-27
20602826-8,2,25,46700,2026-09-27
11567073-6,0,55,0,2026-09-27
19073169-4,2,30,35700,2026-09-27
20039145-2,0,27,0,2026-09-27
11669534-6,0,55,0,2026-09-27
17327740-3,3,36,51600,2026-09-27
17839539-3,2,34,55800,2026-09-27
10689026-5,0,58,0,2026-09-27
18714803-4,0,31,0,2026-09-27
11626103-6,1,55,14800,2026-09-27
18549775-K,0,32,0,2026-09-27
19417126-8,2,29,80300,2026-09-27
16070323-0,3,40,150400,2026-09-27
20518210-2,2,25,34300,2026-09-27
16122776-3,2,40,21900,2026-09-27
10989150-9,2,57,57900,2026-09-27
14033665-9,1,47,22900,2026-09-27
10324259-5,1,59,51100,2026-09-27
19031220-9,3,30,33900,2026-09-27
14012073-7,2,47,49700,2026-09-27
15774588-K,1,41,54000,2026-09-27
14606708-8,0,45,0,2026-09-27
13939268-7,1,47,10500,2026-09-27
10414732-9,3,59,105400,2026-09-27
10105718-K,0,60,0,2026-09-27
11686112-2,2,55,52400,2026-09-27
18508699-7,2,32,62800,2026-09-27
15716378-3,3,41,30500,2026-09-27
19339484-6,2,29,45300,2026-09-27
13985698-5,1,47,30100,2026-09-27
21804410-0,0,21,0,2026-09-27
13666989-7,2,48,43400,2026-09-27
17328094-3,3,36,37900,2026-09-27
18878805-8,1,31,40700,2026-09-27
12251373-0,3,53,30600,2026-09-27
12478353-K,0,52,0,2026-09-27
12587704-4,1,52,31700,2026-09-27
18757659-1,0,31,0,2026-09-27
14032848-6,2,47,40400,2026-09-27
10710081-5,2,58,84500,2026-09-27
14640641-9,1,45,31800,2026-09-27
21777509-3,2,21,74200,2026-09-27
10078142-4,2,60,71900,2026-09-27
10638366-5,0,58,0,2026-09-27
19659708-3,2,28,108500,2026-09-27
16704453-6,2,38,93300,2026-09-27
11923022-4,2,54,67400,2026-09-27
20697050-8,0,25,0,2026-09-27
15738084-9,2,41,117300,2026-09-27
16615999-8,2,38,28400,2026-09-27
13956690-1,0,47,0,2026-09-27
11206707-5,0,56,0,2026-09-27
16159431-6,2,40,49900,2026-09-27
19720113-7,0,28,0,2026-09-27
12491642-4,1,52,21100,2026-09-27
19782171-2,0,28,0,2026-09-27
12579766-0,0,52,0,2026-09-27
11500530-9,0,55,0,2026-09-27
17892578-3,0,34,0,2026-09-27
20234674-7,0,26,0,2026-09-27
15223109-5,2,43,47500,2026-09-27
17302931-0,0,36,0,2026-09-27
17942781-1,1,34,19500,2026-09-27
19668833-K,0,28,0,2026-09-27
14280158-7,2,46,52700,2026-09-27
17399209-9,1,36,36100,2026-09-27
21704785-3,0,21,0,2026-09-27
13035957-0,1,50,9100,2026-09-27
12734830-7,3,51,30900,2026-09-27
11275626-1,1,56,54700,2026-09-27
10706507-6,0,58,0,2026-09-27
21583736-K,1,22,23500,2026-09-27
19675433-2,1,28,40700,2026-09-27
19345553-5,2,29,94600,2026-09-27
10677346-3,0,58,0,2026-09-27
19626712-1,0,28,0,2026-09-27
13304092-7,1,49,25100,2026-09-27
17278512-5,0,36,0,2026-09-27
14927907-1,0,44,0,2026-09-27
14585696-3,1,45,14900,2026-09-27
14389478-8,0,46,0,2026-09-27
15277783-7,2,43,27500,2026-09-27
15260243-3,1,43,42800,2026-09-27
11965655-8,0,54,0,2026-09-27
16715817-5,0,38,0,2026-09-27
20508601-4,3,25,62100,2026-09-27
19354460-0,1,29,37300,2026-09-27
17299316-K,3,36,36600,2026-09-27
13332251-5,1,49,15300,2026-09-27
12274008-7,3,53,52500,2026-09-27
21456529-9,0,22,0,2026-09-27
16408868-7,3,39,52300,2026-09-27
14047581-0,0,47,0,2026-09-27
12205185-0,1,53,25500,2026-09-27
17281887-2,2,36,25600,2026-09-27
18206023-3,0,33,0,2026-09-27
14671894-1,2,45,57500,2026-09-27
16609103-K,1,38,32300,2026-09-27
15854752-0,2,41,84900,2026-09-27
19611530-5,1,28,43200,2026-09-27
18829303-2,0,31,0,2026-09-27
13054558-7,1,50,33700,2026-09-27
17357849-7,0,36,0,2026-09-27
21516438-1,0,22,0,2026-09-27
21428768-K,1,22,43600,2026-09-27
20890267-3,2,24,60900,2026-09-27
18778521-2,0,31,0,2026-09-27
10709323-1,0,58,0,2026-09-27
12856260-9,1,51,38300,2026-09-27
21205047-0,0,23,0,2026-09-27
18222398-1,0,33,0,2026-09-27
14388086-8,0,46,0,2026-09-27
12137747-2,0,53,0,2026-09-27
20898435-1,0,24,0,2026-09-27
17948019-4,1,34,24800,2026-09-27
12898232-2,0,51,0,2026-09-27
11884191-8,2,54,23300,2026-09-27
11504248-4,0,55,0,2026-09-27
17536226-1,2,35,74500,2026-09-27
17558209-1,0,35,0,2026-09-27
12803406-8,1,51,19300,2026-09-27
13108143-0,3,50,102000,2026-09-27
16188050-5,3,40,55800,2026-09-27
17815724-7,1,34,23600,2026-09-27
14621946-5,1,45,28400,2026-09-27
10111585-6,0,60,0,2026-09-27
15732400-0,0,41,0,2026-09-27
18218538-9,0,33,0,2026-09-27
10023666-3,0,60,0,2026-09-27
20231798-4,2,26,24500,2026-09-27
19066244-7,0,30,0,2026-09-27
19320946-1,0,29,0,2026-09-27
11903303-8,2,54,31100,2026-09-27
13369443-9,1,49,26000,2026-09-27
20964534-2,0,24,0,2026-09-27
17300179-3,1,36,11600,2026-09-27
16336096-6,0,39,0,2026-09-27
18226422-K,3,33,34800,2026-09-27
18864463-3,0,31,0,2026-09-27
16320985-0,0,39,0,2026-09-27
21206444-7,1,23,27900,2026-09-27
19096719-1,1,30,20900,2026-09-27
21861494-2,0,21,0,2026-09-27
10736976-8,0,58,0,2026-09-27
13023782-3,1,50,19200,2026-09-27
19303930-2,2,29,43800,2026-09-27
13321382-1,3,49,41700,2026-09-27
14319309-7,0,46,0,2026-09-27
11631079-7,0,55,0,2026-09-27
10446456-1,0,59,0,2026-09-27
18407284-K,2,32,92100,2026-09-27
13436583-2,1,49,41900,2026-09-27
12228725-0,0,53,0,2026-09-27
21450020-0,2,22,85500,2026-09-27
16403543-5,0,39,0,2026-09-27
19441065-3,0,29,0,2026-09-27
14545641-8,0,45,0,2026-09-27
21215303-2,0,23,0,2026-09-27
18540727-0,0,32,0,2026-09-27
18409019-8,0,32,0,2026-09-27
10087550-K,1,60,30600,2026-09-27
12260631-3,0,53,0,2026-09-27
21160262-9,2,23,72100,2026-09-27
18154209-4,0,33,0,2026-09-27
12402322-5,0,52,0,2026-09-27
11859675-1,0,54,0,2026-09-27
11238102-0,2,56,31200,2026-09-27
11263336-4,2,56,35700,2026-09-27
12756542-1,0,51,0,2026-09-27
15164425-1,1,43,21300,2026-09-27
18214669-3,0,33,0,2026-09-27
11932855-0,0,54,0,2026-09-27
21784754-K,0,21,0,2026-09-27
14987316-K,0,44,0,2026-09-27
13043314-2,0,50,0,2026-09-27
17285395-3,0,36,0,2026-09-27
11675745-7,2,55,117500,2026-09-27
12448024-3,0,52,0,2026-09-27
20860980-1,0,24,0,2026-09-27
17052859-2,0,37,0,2026-09-27
12105235-2,0,53,0,2026-09-27
10472452-0,2,59,53800,2026-09-27
16651187-K,0,38,0,2026-09-27
17029037-5,2,37,82500,2026-09-27
13761155-2,0,48,0,2026-09-27
16788534-4,0,38,0,2026-09-27
11560669-8,0,55,0,2026-09-27
15431821-9,2,42,53200,2026-09-27
10112652-1,0,60,0,2026-09-27
16679873-7,0,38,0,2026-09-27
14615615-3,0,45,0,2026-09-27
20634160-8,1,25,25200,2026-09-27
15867102-7,0,41,0,2026-09-27
19119100-0,0,30,0,2026-09-27
14664986-9,1,45,19100,2026-09-27
20874364-8,1,24,50500,2026-09-27
17628839-6,0,35,0,2026-09-27
10010037-0,2,60,33000,2026-09-27
19366100-3,0,29,0,2026-09-27
12106538-1,0,53,0,2026-09-27
16668288-7,1,38,33200,2026-09-27
21288099-6,1,23,21700,2026-09-27
15454809-5,0,42,0,2026-09-27
13439596-0,1,49,32100,2026-09-27
16345059-0,0,39,0,2026-09-27
13034665-7,0,50,0,2026-09-27
17026872-8,1,37,42900,2026-09-27
13498187-8,1,49,18900,2026-09-27
15725209-3,0,41,0,2026-09-27
11241542-1,2,56,92900,2026-09-27
10732608-2,1,58,17100,2026-09-27
10465825-0,0,59,0,2026-09-27
10353634-3,2,59,117400,2026-09-27
11959082-4,0,54,0,2026-09-27
14600108-7,3,45,142700,2026-09-27
18859949-2,1,31,41100,2026-09-27
11698221-3,1,55,24900,2026-09-27
12526710-6,2,52,61900,2026-09-27
12785773-2,0,51,0,2026-09-27
14952308-8,0,44,0,2026-09-27
20908394-8,0,24,0,2026-09-27
10086472-9,1,60,29700,2026-09-27
15734251-3,0,41,0,2026-09-27
20970918-9,1,24,15900,2026-09-27
17850705-1,1,34,59400,2026-09-27
16084530-2,2,40,84600,2026-09-27
17975018-3,2,34,42900,2026-09-27
11957142-0,1,54,20200,2026-09-27
21571158-7,2,22,66500,2026-09-27
21100206-0,0,23,0,2026-09-27
18559471-2,1,32,23400,2026-09-27
13021747-4,1,50,65500,2026-09-27
10038153-1,1,60,26100,2026-09-27
13773535-9,0,48,0,2026-09-27
10108435-7,2,60,65900,2026-09-27
19050074-9,0,30,0,2026-09-27
18708947-K,2,31,48500,2026-09-27
11890872-9,1,54,23600,2026-09-27
18589779-0,0,32,0,2026-09-27
11660687-4,3,55,66600,2026-09-27
20633749-K,2,25,118800,2026-09-27
15825193-1,1,41,18700,2026-09-27
16043297-0,0,40,0,2026-09-27
22159037-7,1,20,45500,2026-09-27
18515072-5,0,32,0,2026-09-27
19764500-0,2,28,76700,2026-09-27
19730513-7,2,28,67500,2026-09-27
11649473-1,0,55,0,2026-09-27
12735601-6,0,51,0,2026-09-27
19136026-0,3,30,102400,2026-09-27
18581667-7,0,32,0,2026-09-27
19124761-8,1,30,42100,2026-09-27
11381315-8,1,56,35900,2026-09-27
22005189-3,1,20,27100,2026-09-27
19708805-5,0,28,0,2026-09-27
15541637-5,0,42,0,2026-09-27
11242977-5,2,56,87300,2026-09-27
16497607-8,2,39,43600,2026-09-27
14258191-9,2,46,43200,2026-09-27
21136842-1,0,23,0,2026-09-27
16425032-8,1,39,30300,2026-09-27
15480367-2,1,42,34500,2026-09-27
14527618-5,0,45,0,2026-09-27
10782681-6,0,58,0,2026-09-27
20937657-0,2,24,71100,2026-09-27
15852361-3,1,41,26100,2026-09-27
15150831-5,2,43,39500,2026-09-27
14669430-9,1,45,36700,2026-09-27
14007333-K,0,47,0,2026-09-27
15580555-K,0,42,0,2026-09-27
19332820-7,2,29,44100,2026-09-27
14564639-K,0,45,0,2026-09-27
18828013-5,2,31,89900,2026-09-27
11866324-6,2,54,25900,2026-09-27
21209867-8,3,23,133800,2026-09-27
14288233-1,2,46,58000,2026-09-27
20819069-K,2,24,65700,2026-09-27
13130668-8,0,50,0,2026-09-27
11074841-6,2,57,28500,2026-09-27
11638415-4,0,55,0,2026-09-27
18242070-1,3,33,123200,2026-09-27
12508716-7,0,52,0,2026-09-27
22082059-5,1,20,22500,2026-09-27
14643958-9,0,45,0,2026-09-27
17208777-0,0,36,0,2026-09-27
12140932-3,0,53,0,2026-09-27
13771167-0,0,48,0,2026-09-27
13993445-5,2,47,55800,2026-09-27
16137675-0,2,40,47700,2026-09-27
12469755-2,1,52,39300,2026-09-27
21457395-K,0,22,0,2026-09-27
17662864-2,0,35,0,2026-09-27
12801303-6,2,51,89900,2026-09-27
15818760-5,2,41,115100,2026-09-27
15842474-7,1,41,25600,2026-09-27
11273271-0,0,56,0,2026-09-27
21175118-7,0,23,0,2026-09-27
10701459-5,0,58,0,2026-09-27
12206453-7,1,53,61600,2026-09-27
14810241-6,1,44,25500,2026-09-27
17861107-K,2,34,40300,2026-09-27
10173628-1,0,60,0,2026-09-27
20564896-9,0,25,0,2026-09-27
17661047-6,2,35,49100,2026-09-27
15520215-4,2,42,45000,2026-09-27
17076275-7,2,37,55900,2026-09-27
20927105-1,0,24,0,2026-09-27
10400091-3,0,59,0,2026-09-27
19934722-7,3,27,105000,2026-09-27
19983561-2,0,27,0,2026-09-27
12826841-7,1,51,20100,2026-09-27
19118780-1,0,30,0,2026-09-27
19140980-4,0,30,0,2026-09-27
15520432-7,0,42,0,2026-09-27
12759615-7,1,51,17400,2026-09-27
16158710-7,0,40,0,2026-09-27
10961239-1,2,57,19900,2026-09-27
19730155-7,0,28,0,2026-09-27
19350763-2,1,29,18100,2026-09-27
19195577-9,0,30,0,2026-09-27
16435834-K,3,39,39600,2026-09-27
13000991-K,2,50,82300,2026-09-27
14953881-6,2,44,50500,2026-09-27
11586875-7,2,55,56200,2026-09-27
12854992-0,3,51,113900,2026-09-27
10023709-0,0,60,0,2026-09-27
12707658-7,1,51,38400,2026-09-27
13723212-8,1,48,26300,2026-09-27
17649679-7,0,35,0,2026-09-27
21557092-4,0,22,0,2026-09-27
11512053-1,0,55,0,2026-09-27
16066367-0,2,40,26300,2026-09-27
15738943-9,0,41,0,2026-09-27
18782157-K,0,31,0,2026-09-27
13361211-4,3,49,53500,2026-09-27
10367840-7,2,59,70900,2026-09-27
14323348-K,1,46,63800,2026-09-27
21595431-5,3,22,191900,2026-09-27
13013293-2,0,50,0,2026-09-27
12241648-4,0,53,0,2026-09-27
14670187-9,0,45,0,2026-09-27
10691778-3,0,58,0,2026-09-27
16171812-0,0,40,0,2026-09-27
10696387-4,1,58,43500,2026-09-27
13103988-4,1,50,40500,2026-09-27
11325528-7,3,56,68700,2026-09-27
17556592-8,0,35,0,2026-09-27
10974189-2,2,57,43500,2026-09-27
13482857-3,0,49,0,2026-09-27
21109040-7,0,23,0,2026-09-27
18552528-1,2,32,94600,2026-09-27
16121293-6,2,40,64900,2026-09-27
17669356-8,0,35,0,2026-09-27
17956153-4,0,34,0,2026-09-27
11565790-K,0,55,0,2026-09-27
12501685-5,0,52,0,2026-09-27
20007598-4,0,27,0,2026-09-27
11926230-4,1,54,26500,2026-09-27
12165128-0,0,53,0,2026-09-27
17880331-9,0,34,0,2026-09-27
19438628-0,1,29,26900,2026-09-27
13161188-K,2,50,30900,2026-09-27
22114749-K,2,20,60100,2026-09-27
11527951-4,0,55,0,2026-09-27
20392353-K,0,26,0,2026-09-27
19327616-9,0,29,0,2026-09-27
16453658-2,0,39,0,2026-09-27
10117073-3,3,60,102300,2026-09-27
15102739-2,2,43,72800,2026-09-27
10161765-7,2,60,27800,2026-09-27
18233147-4,1,33,40200,2026-09-27
11261161-1,0,56,0,2026-09-27
13791431-8,2,48,93000,2026-09-27
21889925-4,3,21,50100,2026-09-27
16052619-3,0,40,0,2026-09-27
19357346-5,0,29,0,2026-09-27
17003437-9,2,37,63000,2026-09-27
15540339-7,0,42,0,2026-09-27
17688484-3,1,35,42100,2026-09-27
20670957-5,0,25,0,2026-09-27
16487307-4,1,39,24100,2026-09-27
17803156-1,3,34,78300,2026-09-27
20961811-6,2,24,114100,2026-09-27
18826152-1,0,31,0,2026-09-27
12463160-8,0,52,0,2026-09-27
15707518-3,2,41,37500,2026-09-27
17596919-0,1,35,30100,2026-09-27
10457743-9,3,59,94200,2026-09-27
21219994-6,1,23,27800,2026-09-27
13938432-3,0,47,0,2026-09-27
16734045-3,0,38,0,2026-09-27
20947644-3,2,24,47700,2026-09-27
15171427-6,0,43,0,2026-09-27
20523850-7,2,25,63900,2026-09-27
10138138-6,2,60,41300,2026-09-27
10487856-0,3,59,57300,2026-09-27
10997517-6,1,57,13600,2026-09-27
18275658-0,2,33,65700,2026-09-27
12785355-9,0,51,0,2026-09-27
21712561-7,1,21,18300,2026-09-27
17564186-1,3,35,101100,2026-09-27
19929107-8,0,27,0,2026-09-27
20843789-K,1,24,15100,2026-09-27
21204136-6,3,23,40500,2026-09-27
20943036-2,2,24,32100,2026-09-27
10308520-1,3,59,127000,2026-09-27
16988457-3,3,37,93000,2026-09-27
12724114-6,1,51,22700,2026-09-27
18805442-9,1,31,24100,2026-09-27
21107064-3,0,23,0,2026-09-27
16682434-7,0,38,0,2026-09-27
20341572-0,2,26,81500,2026-09-27
10001172-6,0,60,0,2026-09-27
12768333-5,0,51,0,2026-09-27
20979364-3,2,24,78600,2026-09-27
14289221-3,0,46,0,2026-09-27
15507688-4,0,42,0,2026-09-27
11865615-0,2,54,99100,2026-09-27
15478244-6,2,42,55300,2026-09-27
14391049-K,3,46,111700,2026-09-27
19628904-4,2,28,64200,2026-09-27
15566646-0,0,42,0,2026-09-27
19931624-0,1,27,18500,2026-09-27
11069167-8,1,57,19300,2026-09-27
20841580-2,0,24,0,2026-09-27
22144236-K,0,20,0,2026-09-27
18873323-7,3,31,95700,2026-09-27
15473979-6,2,42,84300,2026-09-27
14998924-9,1,44,21300,2026-09-27
11388061-0,2,56,54900,2026-09-27
15722909-1,0,41,0,2026-09-27
20908742-0,0,24,0,2026-09-27
20224551-7,2,26,73800,2026-09-27
16378210-0,1,39,23000,2026-09-27
15181348-7,0,43,0,2026-09-27
15567875-2,1,42,42300,2026-09-27
19386986-0,1,29,13500,2026-09-27
12433060-8,1,52,37300,2026-09-27
17949583-3,0,34,0,2026-09-27
11525760-K,0,55,0,2026-09-27
21228015-8,0,23,0,2026-09-27
15866261-3,0,41,0,2026-09-27
10705416-3,0,58,0,2026-09-27
21137624-6,3,23,57200,2026-09-27
12139770-8,2,53,84500,2026-09-27
16111660-0,0,40,0,2026-09-27
14634413-8,2,45,43500,2026-09-27
11983734-K,0,54,0,2026-09-27
22087040-1,2,20,72700,2026-09-27
15276061-6,2,43,65300,2026-09-27
21188488-8,0,23,0,2026-09-27
18842413-7,3,31,41700,2026-09-27
13746236-0,1,48,41700,2026-09-27
10460464-9,1,59,17600,2026-09-27
14226835-8,0,46,0,2026-09-27
17039713-7,0,37,0,2026-09-27
17915746-6,2,34,36000,2026-09-27
11849540-8,0,54,0,2026-09-27
10691524-1,0,58,0,2026-09-27
18834370-6,1,31,31000,2026-09-27
13947837-9,2,47,94000,2026-09-27
18284825-6,0,33,0,2026-09-27
17219738-K,0,36,0,2026-09-27
20504816-3,2,25,45700,2026-09-27
10657302-2,1,58,47600,2026-09-27
19163526-K,3,30,75900,2026-09-27
19463925-1,1,29,38000,2026-09-27
10134338-7,3,60,51300,2026-09-27
16712547-1,2,38,33100,2026-09-27
16003416-9,0,40,0,2026-09-27
13665401-6,1,48,22400,2026-09-27
20376627-2,3,26,68300,2026-09-27
10738150-4,0,58,0,2026-09-27
21187002-K,0,23,0,2026-09-27
16330828-K,0,39,0,2026-09-27
17299856-0,2,36,88500,2026-09-27
20603263-K,0,25,0,2026-09-27
11821052-7,3,54,130700,2026-09-27
20540373-7,3,25,59600,2026-09-27
22081298-3,2,20,47100,2026-09-27
19391880-2,0,29,0,2026-09-27
19700874-4,2,28,65600,2026-09-27
14881088-7,0,44,0,2026-09-27
21885185-5,0,21,0,2026-09-27
17838056-6,1,34,44300,2026-09-27
12812027-4,1,51,12800,2026-09-27
12878677-9,2,51,90100,2026-09-27
21223127-0,1,23,19000,2026-09-27
12450916-0,3,52,34500,2026-09-27
21471469-3,2,22,33500,2026-09-27
17804796-4,0,34,0,2026-09-27
19457442-7,3,29,78600,2026-09-27
11251288-5,0,56,0,2026-09-27
21746284-2,0,21,0,2026-09-27
10489212-1,1,59,23900,2026-09-27
16923448-K,3,37,65100,2026-09-27
21241297-6,1,23,46400,2026-09-27
12171918-7,0,53,0,2026-09-27
19725720-5,3,28,67400,2026-09-27
22147016-9,1,20,40100,2026-09-27
21242480-K,0,23,0,2026-09-27
17042516-5,1,37,36700,2026-09-27
11339789-8,1,56,18100,2026-09-27
11093807-K,2,57,57300,2026-09-27
19968504-1,1,27,33300,2026-09-27
11311155-2,0,56,0,2026-09-27
11566993-2,2,55,35700,2026-09-27
10380249-3,1,59,21300,2026-09-27
19393088-8,1,29,26500,2026-09-27
11097085-2,3,57,89100,2026-09-27
21224518-2,1,23,33800,2026-09-27
13135617-0,1,50,23100,2026-09-27
22172803-4,0,20,0,2026-09-27
11935756-9,2,54,55000,2026-09-27
21113438-2,0,23,0,2026-09-27
11959441-2,1,54,27300,2026-09-27
13451991-0,1,49,38400,2026-09-27
12739988-2,2,51,30100,2026-09-27
21197880-7,1,23,37000,2026-09-27
21104274-7,2,23,73700,2026-09-27
16449838-9,1,39,19500,2026-09-27
11069112-0,2,57,20100,2026-09-27
17627143-4,2,35,59600,2026-09-27
20832264-2,2,24,131800,2026-09-27
17801776-3,2,34,26100,2026-09-27
10718018-5,0,58,0,2026-09-27
10088381-2,0,60,0,2026-09-27
20071279-8,1,27,29000,2026-09-27
21179233-9,2,23,96300,2026-09-27
21206568-0,1,23,36500,2026-09-27
10776933-2,2,58,80100,2026-09-27
20841639-6,3,24,85200,2026-09-27
14937692-1,2,44,46100,2026-09-27
16359746-K,1,39,25700,2026-09-27
11331675-8,2,56,50200,2026-09-27
22077966-8,0,20,0,2026-09-27
21757490-K,0,21,0,2026-09-27
21115413-8,1,23,44100,2026-09-27
14953835-2,1,44,52600,2026-09-27
13064946-3,3,50,61100,2026-09-27
