rut,via_pago,costo_adeudado,fecha_archivo
15222981-3,PAC,50900,2026-09-27
10154091-3,PAC,72700,2026-09-27
15728623-0,DIRECTO,0,2026-09-27
14557731-2,PAT,64000,2026-09-27
11373428-2,DIRECTO,24500,2026-09-27
13612216-2,PAT,0,2026-09-27
17251335-4,PAC,0,2026-09-27
16600182-0,PAT,0,2026-09-27
21884885-4,PAT,76500,2026-09-27
10644932-1,PAT,0,2026-09-27
14611366-7,PAT,76000,2026-09-27
13648016-6,PAC,0,2026-09-27
17589286-4,DIRECTO,0,2026-09-27
13030638-8,PAT,0,2026-09-27
20212178-8,PAT,0,2026-09-27
14505590-1,PAC,89200,2026-09-27
19479150-9,PAC,0,2026-09-27
13740581-2,PAC,0,2026-09-27
18759694-0,DIRECTO,19800,2026-09-27
16489131-5,PAT,0,2026-09-27
20002763-7,PAT,0,2026-09-27
10492215-2,PAT,74200,2026-09-27
19166464-2,PREVIRED,0,2026-09-27
20979167-5,PAT,55400,2026-09-27
14550041-7,PAT,0,2026-09-27
12160000-7,DIRECTO,84500,2026-09-27
13690056-4,PAT,103200,2026-09-27
14535528-K,PAT,0,2026-09-27
21186017-2,PAT,40600,2026-09-27
16136509-0,PAC,29700,2026-09-27
19797486-1,PAC,0,2026-09-27
13080062-5,PAC,0,2026-09-27
11899869-8,PAT,0,2026-09-27
10081691-0,PAC,77000,2026-09-27
10097311-0,PAT,0,2026-09-27
12268240-0,PAC,0,2026-09-27
19121404-3,PAC,0,2026-09-27
11267779-5,PAC,75400,2026-09-27
22064555-6,PAC,0,2026-09-27
16766866-1,PAC,42800,2026-09-27
15285782-2,PAC,87700,2026-09-27
14333480-4,PAC,109500,2026-09-27
22166363-3,PREVIRED,0,2026-09-27
12551220-8,PAC,0,2026-09-27
19683275-9,PAT,0,2026-09-27
18730227-0,PAC,0,2026-09-27
11513521-0,PAC,0,2026-09-27
19747844-9,PAC,67700,2026-09-27
13433377-9,DIRECTO,0,2026-09-27
10091797-0,PAC,0,2026-09-27
16910898-0,PAT,143600,2026-09-27
12472968-3,PAT,20000,2026-09-27
10117071-7,PAT,184900,2026-09-27
12716778-7,PAT,0,2026-09-27
16427669-6,PREVIRED,47700,2026-09-27
14695627-3,PAC,92700,2026-09-27
13749617-6,PAC,36900,2026-09-27
13995838-9,PAC,68200,2026-09-27
13446227-7,PAC,0,2026-09-27
21890872-5,PAC,22700,2026-09-27
21474623-4,PAT,0,2026-09-27
13086168-3,PREVIRED,31900,2026-09-27
13976662-5,PAC,161700,2026-09-27
17913454-7,PREVIRED,128600,2026-09-27
16734342-8,PAC,54100,2026-09-27
19079700-8,PAT,0,2026-09-27
14934244-K,PAC,0,2026-09-27
10194678-2,PAC,72000,2026-09-27
17604773-9,PAT,50200,2026-09-27
10036497-1,PREVIRED,0,2026-09-27
13698681-7,PAC,24500,2026-09-27
11070120-7,PAC,0,2026-09-27
14525252-9,PAC,34300,2026-09-27
22088265-5,PAC,37900,2026-09-27
16461156-8,DIRECTO,0,2026-09-27
16311052-8,PAT,0,2026-09-27
19702079-5,DIRECTO,0,2026-09-27
13104605-8,PAT,48200,2026-09-27
20962122-2,PAT,0,2026-09-27
20619147-9,PAT,67300,2026-09-27
13032914-0,PAT,0,2026-09-27
16060628-6,DIRECTO,34100,2026-09-27
17006680-7,PREVIRED,133700,2026-09-27
21818373-9,PAC,0,2026-09-27
12855092-9,PAT,43700,2026-09-27
15790905-K,PREVIRED,0,2026-09-27
10011510-6,PAT,59400,2026-09-27
17304805-6,PAT,83100,2026-09-27
18431386-3,PAT,57900,2026-09-27
21142916-1,PAT,49800,2026-09-27
15118207-K,PAC,67800,2026-09-27
17209641-9,PAC,140600,2026-09-27
18536792-9,PAC,44500,2026-09-27
12795016-3,PAT,62800,2026-09-27
10310143-6,PAT,66600,2026-09-27
16986855-1,PAC,0,2026-09-27
15216031-7,DIRECTO,0,2026-09-27
11890764-1,PAC,0,2026-09-27
11547621-2,PAT,0,2026-09-27
11587875-2,PREVIRED,0,2026-09-27
12811246-8,PAC,0,2026-09-27
19406273-6,PREVIRED,38300,2026-09-27
20376008-8,PAT,102200,2026-09-27
10703732-3,DIRECTO,290500,2026-09-27
19088542-K,PAT,51300,2026-09-27
21203217-0,PAC,0,2026-09-27
16943080-7,PAT,0,2026-09-27
14890571-3,PAT,0,2026-09-27
21178396-8,PAT,111900,2026-09-27
20863632-9,PAT,27600,2026-09-27
14595543-0,DIRECTO,66500,2026-09-27
18538003-8,DIRECTO,44600,2026-09-27
11661612-8,PREVIRED,0,2026-09-27
21503891-2,PAT,0,2026-09-27
20971026-8,PREVIRED,0,2026-09-27
13329446-5,PREVIRED,27500,2026-09-27
16643237-6,PAC,114100,2026-09-27
16718484-2,PAC,0,2026-09-27
12848151-K,PAT,0,2026-09-27
21727432-9,PAT,0,2026-09-27
18720722-7,PAT,0,2026-09-27
17507972-1,PAT,52400,2026-09-27
13016625-K,PAC,60700,2026-09-27
20520221-9,PAC,0,2026-09-27
17538570-9,PAT,0,2026-09-27
13404136-0,PAC,48800,2026-09-27
16372428-3,PAT,0,2026-09-27
12725112-5,PAC,126000,2026-09-27
15804637-8,PAC,55900,2026-09-27
16745316-9,PAC,0,2026-09-27
10931862-0,PAT,0,2026-09-27
19993557-9,PAT,82500,2026-09-27
15454905-9,PAT,62700,2026-09-27
21498171-3,PREVIRED,77600,2026-09-27
21495996-3,PAC,0,2026-09-27
18242242-9,PAT,24500,2026-09-27
20566232-5,PAT,76400,2026-09-27
19796866-7,PREVIRED,0,2026-09-27
11058902-4,PAT,99300,2026-09-27
14340317-2,PAC,0,2026-09-27
12264240-9,DIRECTO,0,2026-09-27
13323942-1,PAC,0,2026-09-27
15500987-7,PAT,76900,2026-09-27
11920540-8,PREVIRED,38500,2026-09-27
19010325-1,DIRECTO,27900,2026-09-27
13349413-8,PAT,53600,2026-09-27
21429300-0,PAC,202400,2026-09-27
15848372-7,PAC,129600,2026-09-27
16919702-9,DIRECTO,0,2026-09-27
12706184-9,PAC,37000,2026-09-27
20649334-3,PAT,0,2026-09-27
15810177-8,PAC,68400,2026-09-27
13689535-8,PAT,0,2026-09-27
10611941-0,PAC,51700,2026-09-27
19146702-2,PAC,0,2026-09-27
17650862-0,PAT,40000,2026-09-27
15800520-5,PAC,65600,2026-09-27
10139453-4,DIRECTO,84800,2026-09-27
16029193-5,PAC,57700,2026-09-27
11509804-8,PAT,0,2026-09-27
14576473-2,PAC,0,2026-09-27
15730804-8,PAC,0,2026-09-27
17853002-9,PAT,94500,2026-09-27
18778153-5,PAT,0,2026-09-27
16483082-0,PAC,63400,2026-09-27
21745191-3,PAC,106300,2026-09-27
19927449-1,PAT,0,2026-09-27
15260771-0,DIRECTO,80300,2026-09-27
18815847-K,PAT,50200,2026-09-27
11328844-4,PAT,101200,2026-09-27
13166244-1,DIRECTO,0,2026-09-27
19645733-8,PREVIRED,0,2026-09-27
15802010-7,PAC,0,2026-09-27
19045252-3,PAT,47300,2026-09-27
13347132-4,PAC,97900,2026-09-27
21801250-0,PAT,0,2026-09-27
14373563-9,PREVIRED,0,2026-09-27
20245810-3,PAC,0,2026-09-27
18590809-1,DIRECTO,88500,2026-09-27
21834184-9,PAT,80300,2026-09-27
12483622-6,PAC,0,2026-09-27
20033165-4,PAT,24400,2026-09-27
12571901-5,PAT,0,2026-09-27
15792640-K,PAC,36100,2026-09-27
21160368-4,PREVIRED,140700,2026-09-27
17349339-4,PAC,43900,2026-09-27
10087987-4,PAT,76700,2026-09-27
19492743-5,PAT,0,2026-09-27
12247799-8,PAC,0,2026-09-27
21484852-5,DIRECTO,0,2026-09-27
18774408-7,PAT,0,2026-09-27
19077191-2,PAC,0,2026-09-27
13071692-6,PAT,0,2026-09-27
14609599-5,PAT,67200,2026-09-27
21420697-3,PAC,52400,2026-09-27
19055668-K,PAT,120000,2026-09-27
21553401-4,PAT,0,2026-09-27
18133857-8,PAC,0,2026-09-27
12415234-3,PAT,0,2026-09-27
20075416-4,DIRECTO,46800,2026-09-27
17027343-8,PAT,0,2026-09-27
14839867-6,PAC,0,2026-09-27
14663877-8,PAT,0,2026-09-27
18113797-1,PAT,149400,2026-09-27
11634726-7,PAT,67200,2026-09-27
18279061-4,PREVIRED,0,2026-09-27
22111355-2,PAT,132500,2026-09-27
21502581-0,PREVIRED,22500,2026-09-27
10913408-2,PREVIRED,52400,2026-09-27
19683087-K,PREVIRED,90100,2026-09-27
17847647-4,PAT,0,2026-09-27
13324669-K,PAT,73800,2026-09-27
11885583-8,DIRECTO,77400,2026-09-27
17595726-5,PAT,0,2026-09-27
11291464-9,PAT,134100,2026-09-27
15508993-5,PAC,0,2026-09-27
13495466-8,PAC,108500,2026-09-27
15799190-2,DIRECTO,0,2026-09-27
12525970-7,PAC,0,2026-09-27
17252710-K,PAC,47500,2026-09-27
11585576-0,PREVIRED,24700,2026-09-27
18279471-7,PAC,0,2026-09-27
20068101-9,PAC,72600,2026-09-27
21883479-9,PAC,98800,2026-09-27
11380015-3,DIRECTO,47800,2026-09-27
20222940-6,DIRECTO,0,2026-09-27
21835501-7,PAC,49300,2026-09-27
21570313-4,PAT,0,2026-09-27
14049916-7,PAT,44100,2026-09-27
16112830-7,DIRECTO,0,2026-09-27
14892258-8,PAC,0,2026-09-27
12461780-K,PREVIRED,0,2026-09-27
14236680-5,PAC,65200,2026-09-27
21553688-2,PREVIRED,0,2026-09-27
16959080-4,PAT,0,2026-09-27
12597416-3,PAT,195300,2026-09-27
20293872-5,PAT,61600,2026-09-27
21818075-6,PAC,0,2026-09-27
12264827-K,PAT,0,2026-09-27
20637506-5,PAC,104500,2026-09-27
10321983-6,PAC,0,2026-09-27
20954576-3,PAT,66100,2026-09-27
14985042-9,PREVIRED,45700,2026-09-27
22019732-4,PREVIRED,65600,2026-09-27
19445073-6,PAT,0,2026-09-27
10199918-5,PAT,0,2026-09-27
12463336-8,PAC,45100,2026-09-27
22047953-2,PAC,168300,2026-09-27
12275598-K,PAT,89200,2026-09-27
16622370-K,PAC,0,2026-09-27
16442722-8,PAT,61800,2026-09-27
11887005-5,PREVIRED,50200,2026-09-27
21704681-4,PAC,0,2026-09-27
14503036-4,PAT,92500,2026-09-27
13199762-1,PAT,103800,2026-09-27
17060739-5,PREVIRED,0,2026-09-27
12840830-8,PAC,0,2026-09-27
17854614-6,PAC,0,2026-09-27
16014554-8,PREVIRED,100500,2026-09-27
17296272-8,PAT,0,2026-09-27
18840140-4,PAC,46300,2026-09-27
22165019-1,PREVIRED,0,2026-09-27
21156265-1,PAT,86300,2026-09-27
21746819-0,DIRECTO,0,2026-09-27
10717801-6,PAT,24400,2026-09-27
11910284-6,PAC,0,2026-09-27
16641163-8,PAT,0,2026-09-27
15564219-7,PAT,0,2026-09-27
19669312-0,PAC,52000,2026-09-27
12512671-5,PAT,0,2026-09-27
21783283-6,PAT,41400,2026-09-27
20536107-4,PAT,150200,2026-09-27
12522960-3,DIRECTO,0,2026-09-27
16933383-6,PAT,0,2026-09-27
12254188-2,PAT,46100,2026-09-27
14511491-6,PREVIRED,0,2026-09-27
19665795-7,PAT,0,2026-09-27
19462042-9,PREVIRED,0,2026-09-27
15544569-3,PAC,81900,2026-09-27
17945056-2,PAC,70300,2026-09-27
19660204-4,PAC,0,2026-09-27
14677813-8,PAT,0,2026-09-27
11261827-6,PAC,0,2026-09-27
13462910-4,PAC,36800,2026-09-27
17386827-4,PAC,0,2026-09-27
20006734-5,PAC,0,2026-09-27
19085797-3,PREVIRED,0,2026-09-27
20938369-0,DIRECTO,0,2026-09-27
10652076-K,PAC,37000,2026-09-27
18160811-7,PREVIRED,0,2026-09-27
21159218-6,PAT,64400,2026-09-27
13070054-K,PAT,130500,2026-09-27
16091458-4,PAT,109000,2026-09-27
16725575-8,PREVIRED,0,2026-09-27
14202731-8,PAC,212900,2026-09-27
19163971-0,DIRECTO,0,2026-09-27
14601709-9,PREVIRED,0,2026-09-27
14588984-5,PAC,81400,2026-09-27
15810225-1,PAT,0,2026-09-27
14824657-4,PAT,0,2026-09-27
17236760-9,PAT,104400,2026-09-27
19693215-K,PAT,44600,2026-09-27
20980837-3,PREVIRED,0,2026-09-27
12720368-6,PAC,0,2026-09-27
13097392-9,PAT,0,2026-09-27
10757673-9,PAC,56800,2026-09-27
16184022-8,PAC,47300,2026-09-27
20254710-6,PAT,82600,2026-09-27
14694919-6,PAT,67000,2026-09-27
11862670-7,PAT,0,2026-09-27
20602826-8,PREVIRED,70000,2026-09-27
11567073-6,PREVIRED,0,2026-09-27
19073169-4,PAT,53500,2026-09-27
20039145-2,PAT,0,2026-09-27
11669534-6,PAT,0,2026-09-27
17327740-3,PREVIRED,77400,2026-09-27
17839539-3,PAT,83700,2026-09-27
10689026-5,PAT,0,2026-09-27
18714803-4,PAT,0,2026-09-27
11626103-6,PAT,22200,2026-09-27
18549775-K,PAT,0,2026-09-27
19417126-8,PAC,120500,2026-09-27
16070323-0,PAC,225600,2026-09-27
20518210-2,DIRECTO,51400,2026-09-27
16122776-3,PAT,32800,2026-09-27
10989150-9,PAT,86900,2026-09-27
14033665-9,PAC,34400,2026-09-27
10324259-5,PAT,76600,2026-09-27
19031220-9,DIRECTO,50800,2026-09-27
14012073-7,PAT,74500,2026-09-27
15774588-K,DIRECTO,81000,2026-09-27
14606708-8,PAT,0,2026-09-27
13939268-7,PAT,15800,2026-09-27
10414732-9,PAT,158100,2026-09-27
10105718-K,PAC,0,2026-09-27
11686112-2,PAT,78600,2026-09-27
18508699-7,PAT,94200,2026-09-27
15716378-3,PREVIRED,45800,2026-09-27
19339484-6,PREVIRED,68000,2026-09-27
13985698-5,PAC,45200,2026-09-27
21804410-0,PAC,0,2026-09-27
13666989-7,DIRECTO,65100,2026-09-27
17328094-3,PAT,56900,2026-09-27
18878805-8,PAT,61100,2026-09-27
12251373-0,PAT,45900,2026-09-27
12478353-K,PAC,0,2026-09-27
12587704-4,PAC,47500,2026-09-27
18757659-1,PAT,0,2026-09-27
14032848-6,PAC,60600,2026-09-27
10710081-5,PREVIRED,126700,2026-09-27
14640641-9,PAC,47700,2026-09-27
21777509-3,PAC,111300,2026-09-27
10078142-4,PAT,107800,2026-09-27
10638366-5,DIRECTO,0,2026-09-27
19659708-3,PAC,162700,2026-09-27
16704453-6,PAC,140000,2026-09-27
11923022-4,DIRECTO,101100,2026-09-27
20697050-8,PAT,0,2026-09-27
15738084-9,PAC,175900,2026-09-27
16615999-8,PAC,42600,2026-09-27
13956690-1,PAT,0,2026-09-27
11206707-5,PAC,0,2026-09-27
16159431-6,PAC,74800,2026-09-27
19720113-7,DIRECTO,0,2026-09-27
12491642-4,PAT,31700,2026-09-27
19782171-2,PAT,0,2026-09-27
12579766-0,PAT,0,2026-09-27
11500530-9,PAT,0,2026-09-27
17892578-3,PREVIRED,0,2026-09-27
20234674-7,PREVIRED,0,2026-09-27
15223109-5,PAT,71200,2026-09-27
17302931-0,PAT,0,2026-09-27
17942781-1,PREVIRED,29200,2026-09-27
19668833-K,PAT,0,2026-09-27
14280158-7,PAT,79100,2026-09-27
17399209-9,PAC,54200,2026-09-27
21704785-3,PAT,0,2026-09-27
13035957-0,PAT,13700,2026-09-27
12734830-7,PAT,46400,2026-09-27
11275626-1,PAC,82000,2026-09-27
10706507-6,PAC,0,2026-09-27
21583736-K,PREVIRED,35300,2026-09-27
19675433-2,DIRECTO,61000,2026-09-27
19345553-5,PAC,141900,2026-09-27
10677346-3,PAC,0,2026-09-27
19626712-1,PAC,0,2026-09-27
13304092-7,PREVIRED,37700,2026-09-27
17278512-5,PAT,0,2026-09-27
14927907-1,PAC,0,2026-09-27
14585696-3,DIRECTO,22300,2026-09-27
14389478-8,PAT,0,2026-09-27
15277783-7,PAT,41200,2026-09-27
15260243-3,PREVIRED,64200,2026-09-27
11965655-8,PAT,0,2026-09-27
16715817-5,PAC,0,2026-09-27
20508601-4,PREVIRED,93200,2026-09-27
19354460-0,PREVIRED,55900,2026-09-27
17299316-K,PAC,54900,2026-09-27
13332251-5,PAT,23000,2026-09-27
12274008-7,PAC,78800,2026-09-27
21456529-9,PAT,0,2026-09-27
16408868-7,DIRECTO,78500,2026-09-27
14047581-0,PAT,0,2026-09-27
12205185-0,PAT,38200,2026-09-27
17281887-2,PAC,38400,2026-09-27
18206023-3,PAC,0,2026-09-27
14671894-1,DIRECTO,86300,2026-09-27
16609103-K,PAT,48500,2026-09-27
15854752-0,PAT,127400,2026-09-27
19611530-5,PAT,64800,2026-09-27
18829303-2,PAT,0,2026-09-27
13054558-7,PAC,50500,2026-09-27
17357849-7,PAT,0,2026-09-27
21516438-1,PAT,0,2026-09-27
21428768-K,PREVIRED,65400,2026-09-27
20890267-3,PREVIRED,91300,2026-09-27
18778521-2,PAC,0,2026-09-27
10709323-1,PAT,0,2026-09-27
12856260-9,PAC,57400,2026-09-27
21205047-0,PAT,0,2026-09-27
18222398-1,PAT,0,2026-09-27
14388086-8,PAT,0,2026-09-27
12137747-2,PAT,0,2026-09-27
20898435-1,PAT,0,2026-09-27
17948019-4,PREVIRED,37200,2026-09-27
12898232-2,PAT,0,2026-09-27
11884191-8,PAC,35000,2026-09-27
11504248-4,PAT,0,2026-09-27
17536226-1,PAC,111700,2026-09-27
17558209-1,DIRECTO,0,2026-09-27
12803406-8,PAT,28900,2026-09-27
13108143-0,PAC,153000,2026-09-27
16188050-5,DIRECTO,83700,2026-09-27
17815724-7,PREVIRED,35400,2026-09-27
14621946-5,PREVIRED,42600,2026-09-27
10111585-6,PAC,0,2026-09-27
15732400-0,DIRECTO,0,2026-09-27
18218538-9,PAT,0,2026-09-27
10023666-3,PAC,0,2026-09-27
20231798-4,PAT,36700,2026-09-27
19066244-7,PAC,0,2026-09-27
19320946-1,PREVIRED,0,2026-09-27
11903303-8,PAC,46600,2026-09-27
13369443-9,PAC,39000,2026-09-27
20964534-2,PAC,0,2026-09-27
17300179-3,PAT,17400,2026-09-27
16336096-6,PAC,0,2026-09-27
18226422-K,PAT,52200,2026-09-27
18864463-3,PAT,0,2026-09-27
16320985-0,PAC,0,2026-09-27
21206444-7,PAC,41800,2026-09-27
19096719-1,PAT,31400,2026-09-27
21861494-2,PAT,0,2026-09-27
10736976-8,PAC,0,2026-09-27
13023782-3,PREVIRED,28800,2026-09-27
19303930-2,DIRECTO,65700,2026-09-27
13321382-1,PAC,62600,2026-09-27
14319309-7,PAT,0,2026-09-27
11631079-7,PAT,0,2026-09-27
10446456-1,PAC,0,2026-09-27
18407284-K,PAC,138200,2026-09-27
13436583-2,PAT,62900,2026-09-27
12228725-0,PAC,0,2026-09-27
21450020-0,PREVIRED,128200,2026-09-27
16403543-5,PAT,0,2026-09-27
19441065-3,PREVIRED,0,2026-09-27
14545641-8,PAC,0,2026-09-27
21215303-2,PAT,0,2026-09-27
18540727-0,PAC,0,2026-09-27
18409019-8,PAT,0,2026-09-27
10087550-K,PREVIRED,45900,2026-09-27
12260631-3,PAT,0,2026-09-27
21160262-9,PAC,108200,2026-09-27
18154209-4,PAT,0,2026-09-27
12402322-5,PAC,0,2026-09-27
11859675-1,PAT,0,2026-09-27
11238102-0,PAC,46800,2026-09-27
11263336-4,PAT,53600,2026-09-27
12756542-1,PREVIRED,0,2026-09-27
15164425-1,PAT,32000,2026-09-27
18214669-3,PAC,0,2026-09-27
11932855-0,PAC,0,2026-09-27
21784754-K,PAT,0,2026-09-27
14987316-K,PAC,0,2026-09-27
13043314-2,PAT,0,2026-09-27
17285395-3,PREVIRED,0,2026-09-27
11675745-7,PAT,176200,2026-09-27
12448024-3,PAC,0,2026-09-27
20860980-1,PREVIRED,0,2026-09-27
17052859-2,PAT,0,2026-09-27
12105235-2,PAT,0,2026-09-27
10472452-0,PREVIRED,80700,2026-09-27
16651187-K,DIRECTO,0,2026-09-27
17029037-5,PAC,123800,2026-09-27
13761155-2,PREVIRED,0,2026-09-27
16788534-4,PAT,0,2026-09-27
11560669-8,PAT,0,2026-09-27
15431821-9,PAC,79800,2026-09-27
10112652-1,PAC,0,2026-09-27
16679873-7,PAT,0,2026-09-27
14615615-3,DIRECTO,0,2026-09-27
20634160-8,PAC,37800,2026-09-27
15867102-7,PAC,0,2026-09-27
19119100-0,PAT,0,2026-09-27
14664986-9,PREVIRED,28600,2026-09-27
20874364-8,PAT,75800,2026-09-27
17628839-6,PAC,0,2026-09-27
10010037-0,PAT,49500,2026-09-27
19366100-3,PREVIRED,0,2026-09-27
12106538-1,PAT,0,2026-09-27
16668288-7,PAC,49800,2026-09-27
21288099-6,PREVIRED,32500,2026-09-27
15454809-5,DIRECTO,0,2026-09-27
13439596-0,PREVIRED,48100,2026-09-27
16345059-0,PAT,0,2026-09-27
13034665-7,PREVIRED,0,2026-09-27
17026872-8,PAT,64400,2026-09-27
13498187-8,PAT,28400,2026-09-27
15725209-3,PAC,0,2026-09-27
11241542-1,PAC,139400,2026-09-27
10732608-2,PAC,25700,2026-09-27
10465825-0,PAC,0,2026-09-27
10353634-3,PAC,176100,2026-09-27
11959082-4,PAT,0,2026-09-27
14600108-7,PAT,214000,2026-09-27
18859949-2,PAT,61700,2026-09-27
11698221-3,PREVIRED,37300,2026-09-27
12526710-6,PAC,92800,2026-09-27
12785773-2,PREVIRED,0,2026-09-27
14952308-8,PAT,0,2026-09-27
20908394-8,PREVIRED,0,2026-09-27
10086472-9,PAT,44600,2026-09-27
15734251-3,PAT,0,2026-09-27
20970918-9,PAT,23900,2026-09-27
17850705-1,PAT,89100,2026-09-27
16084530-2,PAT,126900,2026-09-27
17975018-3,PAC,64300,2026-09-27
11957142-0,PAC,30300,2026-09-27
21571158-7,PAT,99700,2026-09-27
21100206-0,PAT,0,2026-09-27
18559471-2,PAC,35100,2026-09-27
13021747-4,PREVIRED,98300,2026-09-27
10038153-1,PAT,39200,2026-09-27
13773535-9,PAT,0,2026-09-27
10108435-7,DIRECTO,98900,2026-09-27
19050074-9,PAT,0,2026-09-27
18708947-K,PAC,72700,2026-09-27
11890872-9,PREVIRED,35400,2026-09-27
18589779-0,PAT,0,2026-09-27
11660687-4,PREVIRED,99900,2026-09-27
20633749-K,PAC,178200,2026-09-27
15825193-1,PAT,28000,2026-09-27
16043297-0,PAC,0,2026-09-27
22159037-7,PAT,68200,2026-09-27
18515072-5,PAT,0,2026-09-27
19764500-0,PAT,115100,2026-09-27
19730513-7,PAC,101200,2026-09-27
11649473-1,PAT,0,2026-09-27
12735601-6,PAC,0,2026-09-27
19136026-0,PAC,153600,2026-09-27
18581667-7,DIRECTO,0,2026-09-27
19124761-8,PAC,63200,2026-09-27
11381315-8,PAT,53900,2026-09-27
22005189-3,PAC,40600,2026-09-27
19708805-5,PAT,0,2026-09-27
15541637-5,PREVIRED,0,2026-09-27
11242977-5,DIRECTO,130900,2026-09-27
16497607-8,PAC,65400,2026-09-27
14258191-9,PAT,64800,2026-09-27
21136842-1,PAC,0,2026-09-27
16425032-8,PAT,45400,2026-09-27
15480367-2,PAC,51800,2026-09-27
14527618-5,PAC,0,2026-09-27
10782681-6,PAT,0,2026-09-27
20937657-0,PAT,106700,2026-09-27
15852361-3,PAT,39200,2026-09-27
15150831-5,DIRECTO,59200,2026-09-27
14669430-9,PAT,55000,2026-09-27
14007333-K,PAT,0,2026-09-27
15580555-K,PAC,0,2026-09-27
19332820-7,PREVIRED,66200,2026-09-27
14564639-K,PAT,0,2026-09-27
18828013-5,PAC,134800,2026-09-27
11866324-6,PAC,38900,2026-09-27
21209867-8,PAC,200700,2026-09-27
14288233-1,PREVIRED,87000,2026-09-27
20819069-K,PAC,98500,2026-09-27
13130668-8,PAT,0,2026-09-27
11074841-6,PAT,42800,2026-09-27
11638415-4,PAC,0,2026-09-27
18242070-1,PAT,184800,2026-09-27
12508716-7,PAC,0,2026-09-27
22082059-5,PAT,33700,2026-09-27
14643958-9,PAT,0,2026-09-27
17208777-0,PAC,0,2026-09-27
12140932-3,PAC,0,2026-09-27
13771167-0,DIRECTO,0,2026-09-27
13993445-5,DIRECTO,83700,2026-09-27
16137675-0,PAC,71600,2026-09-27
12469755-2,PAC,59000,2026-09-27
21457395-K,PREVIRED,0,2026-09-27
17662864-2,PAT,0,2026-09-27
12801303-6,PAT,134800,2026-09-27
15818760-5,PAT,172700,2026-09-27
15842474-7,PAT,38400,2026-09-27
11273271-0,DIRECTO,0,2026-09-27
21175118-7,PAC,0,2026-09-27
10701459-5,PAC,0,2026-09-27
12206453-7,PAT,92400,2026-09-27
14810241-6,PAT,38300,2026-09-27
17861107-K,PAT,60400,2026-09-27
10173628-1,PAC,0,2026-09-27
20564896-9,PAT,0,2026-09-27
17661047-6,PAC,73700,2026-09-27
15520215-4,PAT,67500,2026-09-27
17076275-7,PAC,83900,2026-09-27
20927105-1,PAT,0,2026-09-27
10400091-3,PAT,0,2026-09-27
19934722-7,PREVIRED,157500,2026-09-27
19983561-2,PAC,0,2026-09-27
12826841-7,PAT,30200,2026-09-27
19118780-1,PAT,0,2026-09-27
19140980-4,PREVIRED,0,2026-09-27
15520432-7,PAC,0,2026-09-27
12759615-7,PREVIRED,26100,2026-09-27
16158710-7,PAT,0,2026-09-27
10961239-1,PAC,29900,2026-09-27
19730155-7,DIRECTO,0,2026-09-27
19350763-2,PAC,27100,2026-09-27
19195577-9,PAC,0,2026-09-27
16435834-K,PAT,59400,2026-09-27
13000991-K,PAT,123400,2026-09-27
14953881-6,PAT,75800,2026-09-27
11586875-7,PREVIRED,84300,2026-09-27
12854992-0,PAT,170900,2026-09-27
10023709-0,PREVIRED,0,2026-09-27
12707658-7,PAC,57600,2026-09-27
13723212-8,PAT,39400,2026-09-27
17649679-7,PAT,0,2026-09-27
21557092-4,PAT,0,2026-09-27
11512053-1,PAT,0,2026-09-27
16066367-0,PAC,39500,2026-09-27
15738943-9,PREVIRED,0,2026-09-27
18782157-K,PAC,0,2026-09-27
13361211-4,PAC,80200,2026-09-27
10367840-7,PAT,106400,2026-09-27
14323348-K,PAT,95700,2026-09-27
21595431-5,PREVIRED,287900,2026-09-27
13013293-2,PREVIRED,0,2026-09-27
12241648-4,PAC,0,2026-09-27
14670187-9,PAC,0,2026-09-27
10691778-3,PREVIRED,0,2026-09-27
16171812-0,DIRECTO,0,2026-09-27
10696387-4,PAC,65300,2026-09-27
13103988-4,PREVIRED,60700,2026-09-27
11325528-7,DIRECTO,103000,2026-09-27
17556592-8,PAT,0,2026-09-27
10974189-2,PREVIRED,65200,2026-09-27
13482857-3,PREVIRED,0,2026-09-27
21109040-7,PAT,0,2026-09-27
18552528-1,PAT,141900,2026-09-27
16121293-6,PAT,97400,2026-09-27
17669356-8,PAC,0,2026-09-27
17956153-4,PAC,0,2026-09-27
11565790-K,PAT,0,2026-09-27
12501685-5,PAT,0,2026-09-27
20007598-4,PAT,0,2026-09-27
11926230-4,PREVIRED,39800,2026-09-27
12165128-0,PAC,0,2026-09-27
17880331-9,PAC,0,2026-09-27
19438628-0,PREVIRED,40300,2026-09-27
13161188-K,PAT,46400,2026-09-27
22114749-K,PAT,90200,2026-09-27
11527951-4,PAT,0,2026-09-27
20392353-K,PREVIRED,0,2026-09-27
19327616-9,PAC,0,2026-09-27
16453658-2,PREVIRED,0,2026-09-27
10117073-3,PAC,153400,2026-09-27
15102739-2,PREVIRED,109200,2026-09-27
10161765-7,PAT,41700,2026-09-27
18233147-4,DIRECTO,60300,2026-09-27
11261161-1,PAT,0,2026-09-27
13791431-8,PAC,139500,2026-09-27
21889925-4,PAT,75200,2026-09-27
16052619-3,PAC,0,2026-09-27
19357346-5,PAT,0,2026-09-27
17003437-9,PAC,94500,2026-09-27
15540339-7,PAT,0,2026-09-27
17688484-3,PAT,63200,2026-09-27
20670957-5,DIRECTO,0,2026-09-27
16487307-4,PAT,36200,2026-09-27
17803156-1,PAT,117500,2026-09-27
20961811-6,PAC,171200,2026-09-27
18826152-1,PAC,0,2026-09-27
12463160-8,PAT,0,2026-09-27
15707518-3,PAC,56200,2026-09-27
17596919-0,PAT,45100,2026-09-27
10457743-9,PREVIRED,141300,2026-09-27
21219994-6,PAT,41700,2026-09-27
13938432-3,PAC,0,2026-09-27
16734045-3,PAC,0,2026-09-27
20947644-3,PREVIRED,71600,2026-09-27
15171427-6,DIRECTO,0,2026-09-27
20523850-7,PAT,95900,2026-09-27
10138138-6,DIRECTO,61900,2026-09-27
10487856-0,PREVIRED,86000,2026-09-27
10997517-6,PREVIRED,20400,2026-09-27
18275658-0,DIRECTO,98500,2026-09-27
12785355-9,PAC,0,2026-09-27
21712561-7,PAT,27400,2026-09-27
17564186-1,PAT,151700,2026-09-27
19929107-8,PAT,0,2026-09-27
20843789-K,PAC,22600,2026-09-27
21204136-6,PREVIRED,60800,2026-09-27
20943036-2,PAT,48100,2026-09-27
10308520-1,PREVIRED,190500,2026-09-27
16988457-3,PAT,139500,2026-09-27
12724114-6,PAT,34000,2026-09-27
18805442-9,PAC,36200,2026-09-27
21107064-3,PAT,0,2026-09-27
16682434-7,PAC,0,2026-09-27
20341572-0,PAC,122200,2026-09-27
10001172-6,PAC,0,2026-09-27
12768333-5,PAC,0,2026-09-27
20979364-3,PAC,117900,2026-09-27
14289221-3,PAT,0,2026-09-27
15507688-4,PAT,0,2026-09-27
11865615-0,PAT,148600,2026-09-27
15478244-6,PAT,83000,2026-09-27
14391049-K,DIRECTO,167500,2026-09-27
19628904-4,DIRECTO,96300,2026-09-27
15566646-0,PAC,0,2026-09-27
19931624-0,PREVIRED,27700,2026-09-27
11069167-8,PAC,28900,2026-09-27
20841580-2,PAC,0,2026-09-27
22144236-K,PAC,0,2026-09-27
18873323-7,PAC,143600,2026-09-27
15473979-6,PAT,126500,2026-09-27
14998924-9,PAC,31900,2026-09-27
11388061-0,PAT,82400,2026-09-27
15722909-1,DIRECTO,0,2026-09-27
20908742-0,PREVIRED,0,2026-09-27
20224551-7,PAC,110700,2026-09-27
16378210-0,DIRECTO,34500,2026-09-27
15181348-7,PAC,0,2026-09-27
15567875-2,PAT,63500,2026-09-27
19386986-0,PREVIRED,20300,2026-09-27
12433060-8,PAT,56000,2026-09-27
17949583-3,DIRECTO,0,2026-09-27
11525760-K,PAC,0,2026-09-27
21228015-8,PREVIRED,0,2026-09-27
15866261-3,PAT,0,2026-09-27
10705416-3,PREVIRED,0,2026-09-27
21137624-6,PAT,85800,2026-09-27
12139770-8,PREVIRED,126800,2026-09-27
16111660-0,DIRECTO,0,2026-09-27
14634413-8,PAT,65300,2026-09-27
11983734-K,PAC,0,2026-09-27
22087040-1,PAC,109100,2026-09-27
15276061-6,PAC,97900,2026-09-27
21188488-8,PAT,0,2026-09-27
18842413-7,PAT,62600,2026-09-27
13746236-0,PAT,62600,2026-09-27
10460464-9,PAT,26400,2026-09-27
14226835-8,PREVIRED,0,2026-09-27
17039713-7,PAC,0,2026-09-27
17915746-6,PAT,54000,2026-09-27
11849540-8,DIRECTO,0,2026-09-27
10691524-1,PAT,0,2026-09-27
18834370-6,PAT,46500,2026-09-27
13947837-9,PAC,141000,2026-09-27
18284825-6,PREVIRED,0,2026-09-27
17219738-K,PAT,0,2026-09-27
20504816-3,PREVIRED,68600,2026-09-27
10657302-2,PAT,71400,2026-09-27
19163526-K,DIRECTO,113800,2026-09-27
19463925-1,PAT,57000,2026-09-27
10134338-7,PAT,77000,2026-09-27
16712547-1,PAT,49600,2026-09-27
16003416-9,PAC,0,2026-09-27
13665401-6,PAC,33600,2026-09-27
20376627-2,PREVIRED,102400,2026-09-27
10738150-4,PAT,0,2026-09-27
21187002-K,PAC,0,2026-09-27
16330828-K,PAC,0,2026-09-27
17299856-0,PAC,132700,2026-09-27
20603263-K,PAC,0,2026-09-27
11821052-7,PAC,196000,2026-09-27
20540373-7,PREVIRED,89400,2026-09-27
22081298-3,PAT,70600,2026-09-27
19391880-2,PAT,0,2026-09-27
19700874-4,PAT,98400,2026-09-27
14881088-7,PAT,0,2026-09-27
21885185-5,PAT,0,2026-09-27
17838056-6,PAT,66400,2026-09-27
12812027-4,PAT,19200,2026-09-27
12878677-9,DIRECTO,135200,2026-09-27
21223127-0,PAT,28500,2026-09-27
12450916-0,PAT,51800,2026-09-27
21471469-3,PAT,50200,2026-09-27
17804796-4,PREVIRED,0,2026-09-27
19457442-7,PAT,117900,2026-09-27
11251288-5,PAC,0,2026-09-27
21746284-2,PAC,0,2026-09-27
10489212-1,PAT,35800,2026-09-27
16923448-K,PREVIRED,97600,2026-09-27
21241297-6,PAC,69600,2026-09-27
12171918-7,PAC,0,2026-09-27
19725720-5,PREVIRED,101100,2026-09-27
22147016-9,PAT,60100,2026-09-27
21242480-K,PAC,0,2026-09-27
17042516-5,PAT,55000,2026-09-27
11339789-8,PAC,27100,2026-09-27
11093807-K,PAC,86000,2026-09-27
19968504-1,PAC,49900,2026-09-27
11311155-2,PAT,0,2026-09-27
11566993-2,PAT,53500,2026-09-27
10380249-3,PAT,31900,2026-09-27
19393088-8,PAT,39800,2026-09-27
11097085-2,PAT,133600,2026-09-27
21224518-2,PAT,50700,2026-09-27
13135617-0,PREVIRED,34600,2026-09-27
22172803-4,PAC,0,2026-09-27
11935756-9,PAC,82500,2026-09-27
21113438-2,PAC,0,2026-09-27
11959441-2,PAC,41000,2026-09-27
13451991-0,PAT,57600,2026-09-27
12739988-2,PAT,45100,2026-09-27
21197880-7,PAC,55500,2026-09-27
21104274-7,PAT,110500,2026-09-27
16449838-9,PAC,29300,2026-09-27
11069112-0,PAT,30100,2026-09-27
17627143-4,DIRECTO,89400,2026-09-27
20832264-2,PAC,197700,2026-09-27
17801776-3,PREVIRED,39200,2026-09-27
10718018-5,PAC,0,2026-09-27
10088381-2,PREVIRED,0,2026-09-27
20071279-8,PAC,43500,2026-09-27
21179233-9,PREVIRED,144500,2026-09-27
21206568-0,PAC,54700,2026-09-27
10776933-2,PAC,120100,2026-09-27
20841639-6,PAT,127800,2026-09-27
14937692-1,PAT,69100,2026-09-27
16359746-K,PAT,38600,2026-09-27
11331675-8,PAC,75300,2026-09-27
22077966-8,PAC,0,2026-09-27
21757490-K,DIRECTO,0,2026-09-27
21115413-8,PAC,66200,2026-09-27
14953835-2,PAC,78900,2026-09-27
13064946-3,PREVIRED,91700,2026-09-27
